DataHora,Pressao_HX710B,Temperatura,VibX,VibY,VibZ,FimCurso,Velocidade
2025-09-19 08:41:12,0.0,24.0,-0.14,0.03,1.0,0,0.0
2025-09-19 08:41:14,4.239,23.5,-0.14,0.05,0.95,1,0.097
2025-09-19 08:41:16,4.239,23.5,-0.14,0.04,0.95,0,0.0
2025-09-19 08:41:18,4.239,23.5,-0.14,0.05,0.94,1,0.1
2025-09-19 08:41:21,0.0,23.5,-0.15,0.04,0.94,0,0.0
2025-09-19 08:41:23,4.239,23.5,-0.14,0.06,0.95,0,0.0
2025-09-19 08:41:24,4.239,23.5,-0.15,0.05,0.95,0,0.0
2025-09-19 08:41:27,4.239,23.5,-0.15,0.05,0.94,0,0.0
2025-09-19 08:41:28,4.239,23.5,-0.15,0.05,0.95,0,0.0
2025-09-19 08:41:30,4.239,23.5,-0.15,0.13,0.97,0,0.0
2025-09-19 08:41:32,4.239,23.5,-0.14,0.06,0.95,0,0.0
2025-09-19 08:41:34,4.239,23.5,-0.15,0.08,0.96,0,0.0
2025-09-19 08:41:35,1.975,23.5,-0.15,0.03,1.02,0,0.0
2025-09-19 08:41:37,4.239,23.5,-0.15,0.05,0.95,0,0.0
2025-09-19 08:41:39,0.0,23.5,-0.15,0.06,0.95,0,0.0
2025-09-19 08:41:40,4.239,23.5,-0.13,0.07,0.91,1,0.011
2025-09-19 08:41:43,0.0,23.5,-0.12,0.05,0.94,0,0.0
2025-09-19 08:41:45,4.239,23.5,-0.14,0.05,0.94,0,0.0
2025-09-19 08:41:47,0.0,23.56,-0.15,0.06,0.94,0,0.0
2025-09-19 08:41:49,4.239,23.56,-0.14,0.05,0.95,0,0.0
2025-09-19 08:41:53,4.239,23.56,-0.15,0.05,0.95,0,0.0
2025-09-19 08:41:55,4.239,23.56,-0.15,0.05,0.95,1,0.017
2025-09-19 08:41:57,4.239,23.56,-0.1,0.02,0.96,0,0.0
2025-09-19 08:42:02,4.239,23.56,-0.14,0.06,0.95,0,0.0
2025-09-19 08:42:03,4.239,23.56,-0.14,0.05,0.95,0,0.0
2025-09-19 08:42:05,0.0,23.56,-0.15,0.05,0.95,0,0.0
2025-09-19 08:42:10,4.239,23.56,-0.14,0.1,0.92,1,0.016
2025-09-19 08:42:12,3.81,23.56,-0.16,0.04,0.95,0,0.0
2025-09-19 08:42:17,4.239,23.62,-0.15,0.04,0.95,1,0.039
2025-09-19 08:42:19,4.239,23.62,-0.14,0.02,0.96,0,0.0
2025-09-19 08:42:21,4.239,23.62,-0.14,0.06,0.96,1,0.098
2025-09-19 08:42:23,4.239,23.62,-0.12,0.01,0.99,0,0.0
2025-09-19 08:42:25,4.239,23.62,-0.15,0.06,0.95,1,0.095
2025-09-19 08:42:27,0.0,23.62,-0.14,0.06,0.94,0,0.0
2025-09-19 08:42:29,4.239,23.62,-0.14,0.05,0.95,1,0.137
2025-09-19 08:42:31,4.239,23.62,-0.13,0.04,0.99,0,0.0
2025-09-19 08:42:33,4.239,23.62,-0.15,0.05,0.92,0,0.0
2025-09-19 08:42:36,4.239,23.69,-0.13,0.07,0.95,1,0.044
2025-09-19 08:42:37,4.239,23.69,-0.16,0.05,0.97,0,0.0
2025-09-19 08:42:40,4.239,23.69,-0.13,0.05,0.95,1,0.097
2025-09-19 08:42:42,4.239,23.69,-0.15,0.06,0.95,0,0.0
2025-09-19 08:42:43,4.239,23.69,-0.15,0.06,0.94,1,0.136
2025-09-19 08:42:45,4.239,23.69,-0.14,0.05,0.95,0,0.0
2025-09-19 08:42:47,4.239,23.69,-0.15,0.06,0.95,1,0.133
2025-09-19 08:42:49,4.239,23.69,-0.23,0.09,0.89,0,0.0
2025-09-19 08:42:50,4.239,23.69,-0.14,0.07,0.93,0,0.0
2025-09-19 08:42:52,4.239,23.75,-0.13,0.04,0.98,0,0.0
2025-09-19 08:42:54,4.239,23.75,-0.05,-0.1,1.08,1,0.039
2025-09-19 08:42:56,4.239,23.75,-0.14,0.06,0.96,0,0.0
2025-09-19 08:42:58,0.23,23.75,-0.13,0.15,0.99,1,0.098
2025-09-19 08:43:00,4.239,23.75,-0.16,0.07,0.92,0,0.0
2025-09-19 08:43:01,4.239,23.75,-0.15,0.06,0.94,0,0.0
2025-09-19 08:43:03,4.239,23.75,-0.15,0.05,0.95,0,0.0
2025-09-19 08:43:05,4.239,23.75,-0.14,0.05,0.95,0,0.0
2025-09-19 08:43:06,4.239,23.75,-0.14,0.05,0.95,0,0.0
2025-09-19 08:43:08,0.0,23.75,-0.15,0.05,0.96,0,0.0
2025-09-19 08:43:10,4.239,23.75,-0.14,0.06,0.94,1,0.021
2025-09-19 08:43:11,4.239,23.75,-0.15,0.05,0.95,0,0.0
2025-09-19 08:43:13,4.239,23.81,-0.14,0.06,0.95,1,0.128
2025-09-19 08:43:15,4.239,23.81,-0.15,0.05,0.95,0,0.0
2025-09-19 08:43:17,4.239,23.81,-0.15,0.05,0.94,1,0.108
2025-09-19 08:43:19,4.239,23.81,-0.16,0.06,0.92,0,0.0
2025-09-19 08:43:21,4.239,23.81,-0.14,0.06,0.96,1,0.1
2025-09-19 08:43:22,4.239,23.81,-0.18,0.78,0.73,0,0.0
2025-09-19 08:43:24,4.239,23.81,-0.15,0.05,0.95,1,0.12
2025-09-19 08:43:26,4.239,23.81,-0.19,0.08,0.97,0,0.0
2025-09-19 08:43:28,4.239,23.81,-0.15,0.06,0.95,1,0.137
2025-09-19 08:43:29,4.239,23.81,-0.15,0.06,0.95,0,0.0
2025-09-19 08:43:31,4.239,23.81,-0.14,0.06,0.95,0,0.0
2025-09-19 08:43:32,4.239,23.81,-0.08,0.1,0.93,0,0.0
2025-09-19 08:43:34,0.0,23.88,-0.14,0.07,0.95,0,0.0
2025-09-19 08:43:36,4.239,23.88,-0.15,0.04,0.97,0,0.0
2025-09-19 08:43:38,0.0,23.81,-0.14,0.08,0.98,0,0.0
2025-09-19 08:43:39,4.239,23.88,-0.15,0.08,0.87,1,0.021
2025-09-19 08:43:41,4.239,23.88,-0.14,0.06,0.94,0,0.0
2025-09-19 08:43:43,4.239,23.88,-0.14,0.06,0.95,1,0.135
2025-09-19 08:43:45,0.0,23.88,-0.15,0.06,0.95,0,0.0
2025-09-19 08:43:46,4.239,23.88,-0.14,0.05,0.96,1,0.128
2025-09-19 08:43:48,4.239,23.88,0.44,0.09,-0.02,0,0.0
2025-09-19 08:43:50,4.239,23.88,-0.13,0.06,0.95,0,0.0
2025-09-19 08:43:52,4.239,23.88,-0.23,0.17,0.92,0,0.0
2025-09-19 08:43:53,4.239,23.88,-0.18,0.02,0.96,0,0.0
2025-09-19 08:43:55,4.239,23.94,-0.16,0.04,0.94,0,0.0
2025-09-19 08:43:56,0.0,23.88,-0.14,0.05,0.95,0,0.0
2025-09-19 08:43:58,4.239,23.94,-0.15,0.05,0.95,1,0.021
2025-09-19 08:44:00,4.239,23.94,-0.14,0.06,0.94,0,0.0
2025-09-19 08:44:02,4.239,23.94,-0.15,0.05,0.96,1,0.137
2025-09-19 08:44:03,4.239,23.94,-0.13,0.07,0.95,0,0.0
2025-09-19 08:44:05,4.239,23.94,-0.14,0.05,0.95,1,0.1
2025-09-19 08:44:07,4.239,23.94,-0.15,0.06,0.95,0,0.0
2025-09-19 08:44:09,4.239,23.94,-0.12,0.05,0.96,1,0.137
2025-09-19 08:44:10,4.239,23.94,-0.0,0.06,0.77,0,0.0
2025-09-19 08:44:12,0.0,23.94,-0.14,0.07,0.95,0,0.0
2025-09-19 08:44:13,4.239,23.94,-0.14,0.05,0.95,1,0.068
2025-09-19 08:44:15,0.0,23.94,-0.14,-0.02,0.92,0,0.0
2025-09-19 08:44:17,4.239,23.94,-0.15,0.05,0.95,1,0.139
2025-09-19 08:44:18,0.456,23.94,-0.14,0.05,0.95,0,0.0
2025-09-19 08:44:20,4.239,23.94,-0.15,0.05,0.94,1,0.136
2025-09-19 08:44:21,4.239,23.94,-0.14,0.06,0.95,0,0.0
2025-09-19 08:44:23,4.096,24.0,-0.15,0.05,0.95,1,0.1
2025-09-19 08:44:26,4.239,23.94,-0.36,-0.39,1.25,0,0.0
2025-09-19 08:44:27,4.239,23.94,-0.25,0.22,0.78,1,0.138
2025-09-19 08:44:29,4.239,24.0,-0.15,0.06,0.95,0,0.0
2025-09-19 08:44:30,2.425,24.0,-0.13,0.05,0.95,0,0.0
2025-09-19 08:44:32,4.239,23.94,-0.15,0.07,0.95,1,0.068
2025-09-19 08:44:33,0.0,23.94,-0.16,0.08,0.92,0,0.0
2025-09-19 08:44:35,4.239,24.0,-0.15,0.05,0.95,1,0.137
2025-09-19 08:44:37,4.239,23.94,-0.14,0.06,0.95,0,0.0
2025-09-19 08:44:39,4.239,24.0,-0.15,0.05,0.95,1,0.1
2025-09-19 08:44:41,1.527,24.0,-0.14,0.06,0.95,0,0.0
2025-09-19 08:44:42,4.239,24.0,-0.17,0.12,0.94,1,0.137
2025-09-19 08:44:44,4.239,24.0,-0.15,0.05,0.95,0,0.0
2025-09-19 08:44:46,4.239,24.0,-0.15,0.07,0.94,1,0.097
2025-09-19 08:44:48,4.239,24.0,-0.37,-0.13,1.27,0,0.0
2025-09-19 08:44:49,4.239,24.0,-0.13,0.02,0.95,1,0.114
2025-09-19 08:44:51,4.239,24.0,-0.16,0.02,0.96,0,0.0
2025-09-19 08:44:53,4.239,24.0,-0.14,0.05,0.95,1,0.099
2025-09-19 08:44:55,4.239,24.0,-0.14,0.1,0.98,0,0.0
2025-09-19 08:44:57,4.239,24.0,-0.15,0.05,0.95,1,0.097
2025-09-19 08:44:59,4.239,24.0,-0.14,0.06,0.95,0,0.0
2025-09-19 08:45:01,4.239,24.0,-0.15,0.05,0.94,1,0.128
2025-09-19 08:45:03,4.239,24.06,-0.14,0.05,0.95,0,0.0
2025-09-19 08:45:05,4.239,24.06,-0.14,0.05,0.94,1,0.134
2025-09-19 08:45:06,4.239,24.0,-0.15,0.04,0.84,0,0.0
2025-09-19 08:45:08,4.239,24.0,-0.14,0.01,0.93,0,0.0
2025-09-19 08:45:09,4.239,24.0,-0.15,0.07,0.95,0,0.0
2025-09-19 08:45:11,0.0,24.0,-0.14,0.05,0.95,0,0.0
2025-09-19 08:45:12,4.239,24.0,-0.14,0.05,0.95,1,0.034
2025-09-19 08:45:15,4.239,24.06,-0.31,0.0,1.09,0,0.0
2025-09-19 08:45:16,4.239,24.06,-0.14,0.05,0.95,1,0.134
2025-09-19 08:45:18,4.239,24.06,-0.16,0.06,0.95,0,0.0
2025-09-19 08:45:19,4.239,24.06,-0.14,0.02,0.93,1,0.137
2025-09-19 08:45:21,4.239,24.06,-0.15,0.07,0.94,0,0.0
2025-09-19 08:45:22,0.167,24.06,-0.12,0.07,0.95,0,0.0
2025-09-19 08:45:24,4.239,24.06,-0.14,0.05,0.94,0,0.0
2025-09-19 08:45:26,0.045,24.06,-0.14,0.01,0.94,0,0.0
2025-09-19 08:45:28,4.239,24.0,-0.16,0.06,0.95,0,0.0
2025-09-19 08:45:30,0.0,24.06,-0.13,0.09,0.92,0,0.0
2025-09-19 08:45:32,4.239,24.06,-0.15,0.06,0.94,0,0.0
2025-09-19 08:45:34,0.0,24.06,-0.09,0.02,0.89,0,0.0
2025-09-19 08:45:36,4.239,24.06,-0.15,0.06,0.95,0,0.0
2025-09-19 08:45:38,0.402,24.06,-0.16,0.1,0.94,1,0.012
2025-09-19 08:45:39,4.239,24.06,-0.15,0.05,0.95,0,0.0
2025-09-19 08:45:42,0.027,24.06,0.11,0.24,0.68,1,0.101
2025-09-19 08:45:43,4.239,24.06,-0.15,0.06,0.95,0,0.0
2025-09-19 08:45:45,0.0,24.12,-0.14,0.05,0.95,0,0.0
2025-09-19 08:45:46,4.239,24.06,-0.15,0.05,0.95,1,0.066
2025-09-19 08:45:48,0.0,24.06,-0.13,0.04,0.95,0,0.0
2025-09-19 08:45:50,4.239,24.06,-0.14,0.06,0.94,1,0.137
2025-09-19 08:45:52,0.0,24.06,-0.18,-0.12,1.01,0,0.0
2025-09-19 08:45:54,4.239,24.06,-0.15,0.06,0.95,0,0.0
2025-09-19 08:45:56,0.0,24.06,-0.1,0.03,0.97,0,0.0
2025-09-19 08:45:57,4.239,24.06,-0.14,0.04,0.93,1,0.04
2025-09-19 08:45:59,4.239,24.12,-0.14,0.05,0.95,0,0.0
2025-09-19 08:46:01,4.239,24.12,-0.15,0.11,0.97,1,0.135
2025-09-19 08:46:03,0.097,24.12,-0.15,0.06,0.94,0,0.0
2025-09-19 08:46:04,4.239,24.12,-0.14,0.06,0.94,1,0.137
2025-09-19 08:46:06,4.239,24.06,-0.11,0.03,1.06,0,0.0
2025-09-19 08:46:07,4.239,24.12,-0.13,0.03,0.97,0,0.0
2025-09-19 08:46:10,4.239,24.12,-0.18,0.02,0.92,0,0.0
2025-09-19 08:46:12,4.239,24.12,-0.15,0.05,0.95,1,0.036
2025-09-19 08:46:13,4.239,24.12,-0.17,0.14,0.96,0,0.0
2025-09-19 08:46:16,4.239,24.06,-0.15,0.06,0.95,1,0.1
2025-09-19 08:46:18,4.239,24.12,-0.17,0.09,0.97,0,0.0
2025-09-19 08:46:20,4.239,24.12,-0.15,0.05,0.95,1,0.1
2025-09-19 08:46:21,0.46,24.12,-0.21,0.06,0.94,0,0.0
2025-09-19 08:46:23,4.239,24.12,-0.13,0.05,0.92,1,0.137
2025-09-19 08:46:24,4.239,24.12,-0.15,0.05,0.95,0,0.0
2025-09-19 08:46:27,4.239,24.12,-0.16,0.04,0.93,1,0.098
2025-09-19 08:46:28,4.239,24.12,-0.2,0.19,0.88,0,0.0
2025-09-19 08:46:30,1.029,24.12,-0.14,0.04,0.95,0,0.0
2025-09-19 08:46:31,4.239,24.12,-0.15,0.05,0.96,1,0.068
2025-09-19 08:46:33,0.0,24.12,-0.14,0.06,0.92,0,0.0
2025-09-19 08:46:35,4.239,24.12,-0.15,0.05,0.95,0,0.0
2025-09-19 08:46:37,0.0,24.12,-0.14,0.11,0.91,0,0.0
2025-09-19 08:46:39,4.239,24.12,-0.15,0.06,0.95,0,0.0
2025-09-19 08:46:41,0.0,24.12,-0.14,0.05,0.95,0,0.0
2025-09-19 08:46:42,4.239,24.19,-0.15,0.05,0.95,1,0.024
2025-09-19 08:46:44,3.802,24.19,-0.15,0.07,0.97,0,0.0
2025-09-19 08:46:46,4.239,24.12,-0.14,0.05,0.95,1,0.099
2025-09-19 08:46:47,4.239,24.12,-0.16,-0.01,0.96,0,0.0
2025-09-19 08:46:49,4.239,24.19,-0.15,0.07,0.95,1,0.128
2025-09-19 08:46:51,4.239,24.19,-0.15,0.05,0.95,0,0.0
2025-09-19 08:46:52,4.239,24.19,-0.16,0.05,0.96,0,0.0
2025-09-19 08:46:54,4.239,24.19,-0.13,0.03,0.92,0,0.0
2025-09-19 08:46:56,0.0,24.19,-0.15,0.07,0.95,0,0.0
2025-09-19 08:46:57,4.239,24.19,-0.14,0.04,0.95,0,0.0
2025-09-19 08:46:59,0.0,24.19,-0.15,0.14,1.01,0,0.0
2025-09-19 08:47:01,4.239,24.19,-0.14,0.05,0.94,1,0.021
2025-09-19 08:47:02,4.239,24.19,-0.16,0.12,0.97,0,0.0
2025-09-19 08:47:04,4.239,24.19,-0.14,0.05,0.95,0,0.0
2025-09-19 08:47:05,4.239,24.19,-0.08,0.02,0.97,0,0.0
2025-09-19 08:47:07,0.0,24.19,-0.12,0.05,0.95,0,0.0
2025-09-19 08:47:09,4.239,24.19,-0.15,0.05,0.94,0,0.0
2025-09-19 08:47:10,0.0,24.19,-0.15,0.06,0.95,0,0.0
2025-09-19 08:47:12,4.239,24.19,-0.14,0.07,0.93,1,0.021
2025-09-19 08:47:14,2.647,24.25,-0.15,0.05,0.95,0,0.0
2025-09-19 08:47:15,4.239,24.25,-0.14,0.06,0.95,1,0.128
2025-09-19 08:47:17,4.239,24.25,-0.15,0.04,0.95,0,0.0
2025-09-19 08:47:19,4.239,24.19,-0.13,0.09,0.97,1,0.114
2025-09-19 08:47:20,4.239,24.19,-0.15,0.05,0.94,0,0.0
2025-09-19 08:47:23,4.239,24.25,-0.14,0.05,0.95,1,0.089
2025-09-19 08:47:25,4.239,24.19,-0.14,0.05,0.96,0,0.0
2025-09-19 08:47:30,4.239,24.19,-0.12,0.02,0.94,0,0.0
2025-09-19 08:47:31,4.239,24.19,-0.14,0.04,0.96,0,0.0
2025-09-19 08:47:33,0.0,24.25,-0.14,0.07,0.96,0,0.0
2025-09-19 08:47:34,4.239,24.25,-0.14,0.06,0.95,1,0.022
2025-09-19 08:47:36,4.044,24.25,-0.14,0.06,0.95,0,0.0
2025-09-19 08:47:37,4.239,24.25,-0.08,0.01,0.99,1,0.137
2025-09-19 08:47:39,4.239,24.25,-0.15,0.05,0.96,0,0.0
2025-09-19 08:47:41,4.239,24.25,-0.14,0.04,0.94,0,0.0
2025-09-19 08:47:42,4.239,24.25,-0.13,0.06,0.95,0,0.0
2025-09-19 08:47:44,0.0,24.25,-0.13,0.07,0.95,0,0.0
2025-09-19 08:47:46,4.239,24.25,-0.15,0.06,0.95,1,0.033
2025-09-19 08:47:47,4.239,24.25,-0.15,0.05,0.94,0,0.0
2025-09-19 08:47:49,4.239,24.25,-0.17,-0.0,0.91,1,0.137
2025-09-19 08:47:50,4.239,24.25,-0.14,0.06,0.95,0,0.0
2025-09-19 08:47:52,0.0,24.25,-0.14,0.02,0.94,0,0.0
2025-09-19 08:47:54,4.239,24.25,-0.15,0.06,0.95,0,0.0
2025-09-19 08:47:55,0.0,24.25,-0.16,-0.05,0.96,0,0.0
2025-09-19 08:47:57,4.239,24.25,-0.12,0.04,0.94,1,0.03
2025-09-19 08:47:59,0.0,24.25,-0.16,0.02,0.94,0,0.0
2025-09-19 08:48:01,4.239,24.25,-0.14,0.04,0.96,1,0.138
2025-09-19 08:48:04,1.134,24.25,-0.14,0.06,0.95,1,0.138
2025-09-19 08:48:06,4.239,24.25,-0.15,0.06,0.95,0,0.0
2025-09-19 08:48:08,4.239,24.25,-0.15,0.05,0.94,1,0.098
2025-09-19 08:48:10,4.239,24.25,-0.13,0.07,0.99,0,0.0
2025-09-19 08:48:12,4.239,24.25,-0.15,0.05,0.95,1,0.129
2025-09-19 08:48:13,4.239,24.25,-0.14,0.03,0.92,0,0.0
2025-09-19 08:48:15,4.239,24.25,-0.15,0.06,0.94,0,0.0
2025-09-19 08:48:16,4.239,24.25,-0.18,-0.12,1.02,0,0.0
2025-09-19 08:48:18,0.0,24.25,-0.17,0.06,0.97,0,0.0
2025-09-19 08:48:19,4.239,24.25,-0.14,0.05,0.95,1,0.033
2025-09-19 08:48:22,0.0,24.25,-0.19,0.03,0.96,0,0.0
2025-09-19 08:48:24,4.239,24.25,-0.14,0.08,0.8,0,0.0
2025-09-19 08:48:26,4.239,24.25,-0.19,0.01,1.0,1,0.044
2025-09-19 08:48:29,3.062,24.25,-0.15,0.06,0.95,0,0.0
2025-09-19 08:48:31,4.239,24.25,-0.15,0.05,0.95,0,0.0
2025-09-19 08:48:34,4.239,24.25,-0.14,0.05,0.95,1,0.041
2025-09-19 08:48:36,4.239,24.25,-0.14,0.05,0.95,0,0.0
2025-09-19 08:48:38,4.239,24.25,-0.14,0.06,0.95,1,0.098
2025-09-19 08:48:40,0.0,24.25,-0.15,0.05,0.95,0,0.0
2025-09-19 08:48:42,4.239,24.25,-0.15,0.04,0.95,1,0.099
2025-09-19 08:48:44,0.0,24.25,-0.16,0.04,0.96,0,0.0
2025-09-19 08:48:45,4.239,24.25,-0.15,0.05,0.95,1,0.136
2025-09-19 08:48:47,4.239,24.25,-0.14,0.1,0.95,0,0.0
2025-09-19 08:48:48,4.239,24.25,-0.15,0.05,0.95,0,0.0
2025-09-19 08:48:50,4.239,24.25,-0.14,0.04,0.95,0,0.0
2025-09-19 08:48:52,4.239,24.25,-0.15,0.06,0.95,0,0.0
2025-09-19 08:48:54,4.239,24.25,-0.14,0.04,0.96,0,0.0
2025-09-19 08:48:56,0.314,24.25,-0.13,0.06,0.95,1,0.023
2025-09-19 08:48:58,4.239,24.25,-0.14,0.06,0.95,0,0.0
2025-09-19 08:49:00,4.239,24.25,-0.13,0.1,0.9,0,0.0
2025-09-19 08:49:01,4.239,24.25,-0.15,0.06,0.95,0,0.0
2025-09-19 08:49:03,0.0,24.25,-0.13,0.05,0.96,0,0.0
2025-09-19 08:49:04,4.239,24.25,-0.14,0.05,0.94,1,0.034
2025-09-19 08:49:06,4.239,24.25,-0.15,0.05,0.95,0,0.0
2025-09-19 08:49:08,4.239,24.25,-0.12,0.03,0.94,1,0.132
2025-09-19 08:49:09,4.239,24.25,-0.15,0.05,0.95,0,0.0
2025-09-19 08:49:11,4.239,24.25,-0.15,0.07,0.94,1,0.128
2025-09-19 08:49:13,4.239,24.25,-0.14,0.06,0.96,0,0.0
2025-09-19 08:49:14,1.462,24.25,-0.17,0.09,0.99,0,0.0
2025-09-19 08:49:16,4.239,24.25,-0.17,0.03,0.98,0,0.0
2025-09-19 08:49:17,0.0,24.25,-0.14,0.05,0.95,0,0.0
2025-09-19 08:49:19,4.239,24.25,-0.14,0.05,0.94,1,0.034
2025-09-19 08:49:20,4.239,24.25,-0.18,0.09,0.94,0,0.0
2025-09-19 08:49:22,4.239,24.25,-0.15,0.05,0.94,0,0.0
2025-09-19 08:49:24,4.239,24.25,-0.14,0.05,0.94,0,0.0
2025-09-19 08:49:25,0.0,24.25,-0.13,0.05,0.95,0,0.0
2025-09-19 08:49:27,4.239,24.25,-0.19,0.01,0.95,0,0.0
2025-09-19 08:49:30,4.239,24.25,-0.15,0.05,0.95,1,0.021
2025-09-19 08:49:33,0.35,24.25,-0.13,0.06,0.94,0,0.0
2025-09-19 08:49:37,4.239,24.25,-0.15,0.1,0.96,1,0.044
2025-09-19 08:49:45,4.239,24.25,-0.14,0.04,0.95,1,0.044
2025-09-19 08:49:49,4.239,24.25,-0.15,0.05,0.95,1,0.044
2025-09-19 08:49:55,0.0,24.25,-0.15,0.05,0.96,0,0.0
2025-09-19 08:49:57,4.239,24.25,-0.14,0.06,0.95,0,0.0
2025-09-19 08:50:02,4.239,24.25,-0.16,0.05,0.92,0,0.0
2025-09-19 08:50:04,4.239,24.25,-0.15,0.05,0.95,1,0.024
2025-09-19 08:50:05,4.239,24.25,-0.15,0.07,0.95,0,0.0
2025-09-19 08:50:08,4.239,24.25,-0.15,0.05,0.96,1,0.095
2025-09-19 08:50:09,4.239,24.25,-0.14,0.05,0.95,0,0.0
2025-09-19 08:50:11,4.239,24.25,-0.13,0.03,0.95,1,0.137
2025-09-19 08:50:12,4.239,24.25,-0.16,0.08,0.91,0,0.0
2025-09-19 08:50:15,4.239,24.25,-0.14,0.05,0.95,1,0.095
2025-09-19 08:50:16,4.239,24.25,-0.14,0.05,0.98,0,0.0
2025-09-19 08:50:18,4.239,24.25,-0.15,0.05,0.95,0,0.0
2025-09-19 08:50:19,4.239,24.25,-0.15,0.05,0.97,0,0.0
2025-09-19 08:50:21,0.0,24.25,-0.15,0.05,0.95,0,0.0
2025-09-19 08:50:23,4.239,24.25,-0.15,0.05,0.95,1,0.033
2025-09-19 08:50:25,4.239,24.25,-0.14,0.05,0.96,0,0.0
2025-09-19 08:50:26,4.239,24.25,-0.14,0.06,0.95,1,0.133
2025-09-19 08:50:28,4.239,24.25,-0.14,0.06,0.95,0,0.0
2025-09-19 08:50:30,4.239,24.25,-0.14,0.06,0.95,1,0.098
2025-09-19 08:50:32,4.239,24.25,-0.18,0.08,0.98,0,0.0
2025-09-19 08:50:33,4.239,24.25,0.25,-0.31,0.74,1,0.137
2025-09-19 08:50:35,4.239,24.25,-0.15,0.06,0.96,0,0.0
2025-09-19 08:50:36,0.0,24.25,-0.1,0.01,0.98,0,0.0
2025-09-19 08:50:38,4.239,24.25,-0.19,0.05,0.97,0,0.0
2025-09-19 08:50:40,0.0,24.25,-0.12,0.03,0.93,0,0.0
2025-09-19 08:50:41,4.239,24.25,-0.14,0.05,0.95,1,0.032
2025-09-19 08:50:44,4.239,24.25,-0.08,0.02,0.91,0,0.0
2025-09-19 08:50:45,4.239,24.25,-0.14,0.06,0.94,1,0.132
2025-09-19 08:50:47,4.239,24.25,-0.13,0.05,0.95,0,0.0
2025-09-19 08:50:50,4.239,24.25,-0.15,0.08,0.96,0,0.0
2025-09-19 08:50:52,4.239,24.25,-0.14,0.06,0.94,1,0.043
2025-09-19 08:50:54,4.239,24.25,-0.15,0.05,0.96,0,0.0
2025-09-19 08:50:56,4.239,24.19,-0.14,0.05,0.96,1,0.095
2025-09-19 08:50:59,0.0,24.25,-0.13,0.16,0.94,0,0.0
2025-09-19 08:51:00,4.239,24.25,-0.15,0.06,0.96,1,0.138
2025-09-19 08:51:02,3.523,24.25,-0.15,0.04,0.94,0,0.0
2025-09-19 08:51:03,4.239,24.25,-0.14,0.07,0.94,1,0.128
2025-09-19 08:51:05,4.239,24.25,-0.06,0.01,0.93,0,0.0
2025-09-19 08:51:06,4.239,24.25,-0.18,0.05,0.96,0,0.0
2025-09-19 08:51:08,4.239,24.25,-0.14,0.06,0.95,0,0.0
2025-09-19 08:51:10,0.0,24.19,-0.15,0.06,0.95,0,0.0
2025-09-19 08:51:12,4.239,24.25,-0.13,0.03,0.93,0,0.0
2025-09-19 08:51:15,4.239,24.25,-0.15,0.04,0.95,1,0.022
2025-09-19 08:51:16,4.239,24.25,-0.11,0.0,0.94,0,0.0
2025-09-19 08:51:18,4.239,24.25,-0.14,0.06,0.94,0,0.0
2025-09-19 08:51:22,4.239,24.25,-0.14,0.05,0.95,1,0.034
2025-09-19 08:51:24,0.0,24.25,-0.15,0.06,0.95,0,0.0
2025-09-19 08:51:26,4.239,24.25,-0.14,0.05,0.96,1,0.128
2025-09-19 08:51:28,4.239,24.25,-0.12,0.12,0.88,0,0.0
2025-09-19 08:51:30,4.239,24.25,-0.14,0.05,0.95,1,0.097
2025-09-19 08:51:31,4.239,24.25,-0.14,0.08,0.94,0,0.0
2025-09-19 08:51:34,4.239,24.25,-0.12,0.0,0.98,1,0.098
2025-09-19 08:51:36,4.239,24.25,-0.14,0.05,0.94,0,0.0
2025-09-19 08:51:37,4.239,24.25,-0.21,0.01,1.01,1,0.133
2025-09-19 08:51:39,4.239,24.25,-0.15,0.07,0.96,0,0.0
2025-09-19 08:51:41,4.239,24.25,-0.15,0.03,0.95,1,0.137
2025-09-19 08:51:43,4.239,24.25,-0.13,0.05,0.96,0,0.0
2025-09-19 08:51:45,4.239,24.25,-0.14,0.05,0.95,1,0.099
2025-09-19 08:51:47,4.239,24.25,-0.14,0.05,0.96,0,0.0
2025-09-19 08:51:49,4.239,24.19,-0.11,0.05,0.94,1,0.098
2025-09-19 08:51:51,0.0,24.19,-0.15,0.06,0.94,0,0.0
2025-09-19 08:51:52,4.239,24.19,-0.15,0.05,0.95,1,0.137
2025-09-19 08:51:54,4.239,24.25,-0.14,0.05,0.95,0,0.0
2025-09-19 08:51:56,4.239,24.25,-0.14,0.05,0.94,1,0.099
2025-09-19 08:51:59,0.0,24.25,-0.13,0.02,0.95,0,0.0
2025-09-19 08:52:01,4.239,24.19,-0.18,0.06,0.98,0,0.0
2025-09-19 08:52:03,0.0,24.19,-0.15,0.06,0.95,0,0.0
2025-09-19 08:52:05,4.239,24.25,-0.27,-0.05,1.14,0,0.0
2025-09-19 08:52:07,4.239,24.25,-0.12,0.05,0.99,1,0.025
2025-09-19 08:52:09,4.239,24.25,-0.15,0.05,0.95,0,0.0
2025-09-19 08:52:11,4.239,24.25,-0.16,0.03,0.95,1,0.1
2025-09-19 08:52:13,0.423,24.25,-0.14,0.05,0.95,0,0.0
2025-09-19 08:52:16,4.239,24.25,-0.12,0.07,0.99,0,0.0
2025-09-19 08:52:18,4.239,24.25,-0.12,0.08,0.94,0,0.0
2025-09-19 08:52:20,4.239,24.25,-0.14,0.05,0.96,0,0.0
2025-09-19 08:52:22,4.239,24.25,-0.15,0.05,0.96,1,0.025
2025-09-19 08:52:24,4.239,24.25,-0.12,0.06,0.97,0,0.0
2025-09-19 08:52:26,4.239,24.25,-0.14,0.05,0.95,1,0.099
2025-09-19 08:52:28,0.971,24.25,-0.13,0.02,0.96,0,0.0
2025-09-19 08:52:31,4.239,24.25,-0.49,-0.12,1.22,0,0.0
2025-09-19 08:52:32,0.0,24.25,-0.11,0.01,0.91,0,0.0
2025-09-19 08:52:34,4.239,24.25,-0.14,0.06,0.95,1,0.038
2025-09-19 08:52:35,0.0,24.25,-0.14,0.06,0.96,0,0.0
2025-09-19 08:52:37,4.239,24.25,-0.16,0.05,0.94,1,0.129
2025-09-19 08:52:39,4.239,24.25,-0.14,0.06,0.95,0,0.0
2025-09-19 08:52:41,4.239,24.25,-0.14,0.06,0.95,1,0.1
2025-09-19 08:52:43,0.696,24.25,-0.15,0.06,0.95,0,0.0
2025-09-19 08:52:45,4.239,24.25,-0.15,0.05,0.95,1,0.096
2025-09-19 08:52:47,1.341,24.25,-0.14,0.05,0.95,0,0.0
2025-09-19 08:52:49,4.239,24.25,-0.14,0.07,0.95,0,0.0
2025-09-19 08:52:51,0.0,24.25,-0.14,0.01,1.05,0,0.0
2025-09-19 08:52:53,4.239,24.25,-0.15,0.05,0.94,0,0.0
2025-09-19 08:52:56,4.239,24.25,-0.15,0.06,0.96,1,0.025
2025-09-19 08:52:57,4.239,24.25,-0.14,0.05,0.95,0,0.0
2025-09-19 08:52:59,4.239,24.25,-0.14,0.05,0.95,0,0.0
2025-09-19 08:53:01,4.239,24.25,-0.14,0.05,0.95,0,0.0
2025-09-19 08:53:03,3.215,24.25,-0.14,0.08,0.95,1,0.036
2025-09-19 08:53:05,4.239,24.25,-0.16,0.05,0.96,0,0.0
2025-09-19 08:53:07,4.239,24.25,-0.14,0.05,0.95,1,0.099
2025-09-19 08:53:09,4.239,24.25,-0.13,0.06,0.95,0,0.0
2025-09-19 08:53:11,4.239,24.25,-0.15,0.05,0.94,1,0.099
2025-09-19 08:53:12,4.239,24.25,-0.15,0.04,0.95,0,0.0
2025-09-19 08:53:14,4.239,24.25,-0.16,0.03,0.96,0,0.0
2025-09-19 08:53:16,4.239,24.25,-0.11,0.03,0.97,0,0.0
2025-09-19 08:53:17,0.0,24.25,-0.14,0.06,0.99,0,0.0
2025-09-19 08:53:19,4.239,24.25,-0.15,0.06,0.95,1,0.034
2025-09-19 08:53:20,2.62,24.25,-0.15,0.06,0.95,0,0.0
2025-09-19 08:53:22,4.239,24.25,-0.15,0.07,0.95,1,0.098
2025-09-19 08:53:25,0.0,24.25,-0.13,0.02,0.94,0,0.0
2025-09-19 08:53:26,4.239,24.25,-0.14,0.05,0.95,1,0.125
2025-09-19 08:53:28,0.0,24.25,-0.15,0.06,0.95,0,0.0
2025-09-19 08:53:30,4.239,24.25,-0.18,0.1,1.0,1,0.099
2025-09-19 08:53:32,0.0,24.25,-0.15,0.06,0.94,0,0.0
2025-09-19 08:53:34,4.239,24.25,-0.17,0.1,0.95,1,0.099
2025-09-19 08:53:35,0.0,24.25,-0.14,0.07,0.95,0,0.0
2025-09-19 08:53:37,4.239,24.25,-0.14,0.05,0.95,1,0.137
2025-09-19 08:53:39,0.99,24.25,-0.21,0.05,1.0,0,0.0
2025-09-19 08:53:41,4.239,24.19,-0.15,0.06,0.96,1,0.097
2025-09-19 08:53:43,2.91,24.25,-0.15,0.05,0.95,0,0.0
2025-09-19 08:53:45,4.239,24.25,-0.16,0.07,0.94,0,0.0
2025-09-19 08:53:47,0.0,24.25,-0.15,0.05,0.95,0,0.0
2025-09-19 08:53:49,4.239,24.25,-0.15,0.05,0.95,0,0.0
2025-09-19 08:53:51,0.0,24.25,-0.15,0.04,0.95,0,0.0
2025-09-19 08:53:53,4.239,24.25,-0.2,0.08,1.01,0,0.0
2025-09-19 08:53:54,0.0,24.25,-0.14,0.07,0.93,0,0.0
2025-09-19 08:53:56,4.239,24.19,-0.15,0.05,0.94,1,0.017
2025-09-19 08:53:57,4.239,24.25,-0.15,0.04,0.9,0,0.0
2025-09-19 08:53:59,4.239,24.25,-0.14,0.06,0.94,0,0.0
2025-09-19 08:54:00,4.239,24.25,-0.15,0.06,0.94,0,0.0
2025-09-19 08:54:03,4.239,24.25,-0.14,0.06,0.95,1,0.037
2025-09-19 08:54:05,4.239,24.25,-0.14,0.06,0.95,0,0.0
2025-09-19 08:54:07,4.239,24.19,-0.06,-0.01,0.94,1,0.099
2025-09-19 08:54:09,4.239,24.19,-0.12,0.09,0.93,0,0.0
2025-09-19 08:54:11,4.239,24.19,-0.15,0.05,0.95,1,0.099
2025-09-19 08:54:12,4.239,24.19,-0.14,-0.01,0.98,0,0.0
2025-09-19 08:54:14,4.239,24.25,-0.22,-0.0,0.96,0,0.0
2025-09-19 08:54:15,4.239,24.19,-0.14,0.05,0.95,0,0.0
2025-09-19 08:54:17,0.0,24.19,-0.16,0.15,0.96,0,0.0
2025-09-19 08:54:18,4.239,24.25,-0.14,0.06,0.94,1,0.034
2025-09-19 08:54:20,0.244,24.19,-0.16,0.05,0.94,0,0.0
2025-09-19 08:54:22,4.239,24.25,-0.14,0.04,0.95,1,0.137
2025-09-19 08:54:23,4.239,24.25,0.03,0.21,0.33,0,0.0
2025-09-19 08:54:25,4.239,24.19,-0.15,0.05,0.95,0,0.0
2025-09-19 08:54:27,4.239,24.25,-0.28,-0.14,1.42,0,0.0
2025-09-19 08:54:29,4.239,24.25,-0.15,0.02,0.95,1,0.036
2025-09-19 08:54:31,4.239,24.25,-0.47,0.19,1.3,0,0.0
2025-09-19 08:54:33,4.239,24.25,-0.14,0.04,0.96,1,0.099
2025-09-19 08:54:35,4.239,24.25,-0.13,0.05,0.95,0,0.0
2025-09-19 08:54:37,4.239,24.25,-0.16,0.06,0.95,1,0.099
2025-09-19 08:54:39,0.0,24.25,-0.14,0.05,0.95,0,0.0
2025-09-19 08:54:40,4.239,24.25,-0.14,0.04,0.95,1,0.137
2025-09-19 08:54:42,4.239,24.19,-0.15,0.09,0.95,0,0.0
2025-09-19 08:54:44,3.475,24.25,-0.15,0.04,0.95,0,0.0
2025-09-19 08:54:46,4.239,24.25,-0.14,0.05,0.95,0,0.0
2025-09-19 08:54:47,0.0,24.25,-0.14,0.06,0.94,0,0.0
2025-09-19 08:54:49,4.239,24.25,-0.14,0.06,0.95,0,0.0
2025-09-19 08:54:51,0.0,24.25,-0.14,0.06,0.95,0,0.0
2025-09-19 08:54:53,4.239,24.25,-0.14,0.05,0.94,1,0.019
2025-09-19 08:54:55,0.0,24.25,-0.17,0.05,0.96,0,0.0
2025-09-19 08:54:57,4.239,24.25,-0.15,0.05,0.95,0,0.0
2025-09-19 08:55:00,1.269,24.25,-0.15,0.02,0.94,0,0.0
2025-09-19 08:55:02,4.239,24.25,-0.17,0.1,0.97,0,0.0
2025-09-19 08:55:04,0.0,24.25,-0.15,0.06,0.96,0,0.0
2025-09-19 08:55:05,4.239,24.25,-0.15,0.05,0.94,0,0.0
2025-09-19 08:55:07,0.0,24.25,-0.15,0.04,0.94,0,0.0
2025-09-19 08:55:09,4.239,24.25,-0.13,0.06,0.95,1,0.015
2025-09-19 08:55:11,0.0,24.25,-0.2,0.07,0.9,0,0.0
2025-09-19 08:55:13,4.239,24.25,-0.14,0.06,0.94,1,0.133
2025-09-19 08:55:15,4.239,24.25,-0.1,0.05,0.94,0,0.0
2025-09-19 08:55:16,4.239,24.25,-0.14,0.06,0.95,1,0.124
2025-09-19 08:55:19,0.0,24.31,-0.13,0.07,0.93,0,0.0
2025-09-19 08:55:22,4.239,24.25,-0.14,0.05,0.94,0,0.0
2025-09-19 08:55:23,4.239,24.25,-0.15,0.06,0.95,0,0.0
2025-09-19 08:55:25,4.239,24.25,-0.12,0.03,0.94,0,0.0
2025-09-19 08:55:27,0.0,24.25,-0.15,0.06,0.95,0,0.0
2025-09-19 08:55:28,4.239,24.25,-0.15,0.07,0.94,1,0.023
2025-09-19 08:55:30,4.239,24.25,-0.15,0.05,0.94,0,0.0
2025-09-19 08:55:32,4.239,24.25,-0.19,0.03,0.92,1,0.126
2025-09-19 08:55:34,4.239,24.25,-0.15,0.05,0.95,0,0.0
2025-09-19 08:55:35,0.0,24.25,-0.14,0.02,0.94,0,0.0
2025-09-19 08:55:37,4.239,24.25,-0.14,0.05,0.95,1,0.066
2025-09-19 08:55:38,4.184,24.25,-0.13,0.08,0.94,0,0.0
2025-09-19 08:55:40,4.239,24.25,-0.14,0.04,1.03,1,0.128
2025-09-19 08:55:42,4.239,24.25,-0.15,0.05,0.95,0,0.0
2025-09-19 08:55:43,0.0,24.25,-0.14,0.06,0.92,0,0.0
2025-09-19 08:55:45,4.239,24.25,-0.15,0.05,0.95,1,0.066
2025-09-19 08:55:46,4.239,24.25,-0.11,0.05,0.98,0,0.0
2025-09-19 08:55:48,4.239,24.25,-0.15,0.06,0.96,0,0.0
2025-09-19 08:55:50,4.239,24.25,-0.15,0.06,0.93,0,0.0
2025-09-19 08:55:52,4.239,24.25,-0.16,0.07,0.99,0,0.0
2025-09-19 08:55:55,4.239,24.25,-0.13,0.06,0.95,0,0.0
2025-09-19 08:55:56,4.239,24.25,-0.14,0.04,0.95,1,0.021
2025-09-19 08:56:02,4.239,24.25,-0.11,0.06,0.88,0,0.0
2025-09-19 08:56:04,4.239,24.25,-0.15,0.04,0.95,1,0.121
2025-09-19 08:56:06,4.239,24.31,-0.15,0.06,0.95,0,0.0
2025-09-19 08:56:07,0.0,24.25,-0.18,0.01,1.01,0,0.0
2025-09-19 08:56:09,4.239,24.25,-0.15,0.05,0.95,1,0.068
2025-09-19 08:56:10,4.239,24.25,0.05,0.18,0.8,0,0.0
2025-09-19 08:56:12,4.239,24.25,-0.22,0.02,0.94,1,0.114
2025-09-19 08:56:14,4.239,24.25,-0.15,0.06,0.94,0,0.0
2025-09-19 08:56:15,0.0,24.31,-0.14,0.05,0.95,0,0.0
2025-09-19 08:56:17,4.239,24.25,-0.15,0.05,0.95,0,0.0
2025-09-19 08:56:20,0.0,24.25,-0.16,0.04,0.95,0,0.0
2025-09-19 08:56:21,4.239,24.25,-0.15,0.06,0.95,1,0.028
2025-09-19 08:56:23,4.239,24.25,-0.14,0.06,0.94,0,0.0
2025-09-19 08:56:24,4.239,24.25,-0.15,0.06,0.97,0,0.0
2025-09-19 08:56:26,4.239,24.25,-0.14,0.05,0.95,0,0.0
2025-09-19 08:56:27,0.0,24.25,-0.16,0.06,0.95,0,0.0
2025-09-19 08:56:29,4.239,24.25,-0.14,0.05,0.96,1,0.033
2025-09-19 08:56:30,4.239,24.25,-0.19,-0.39,1.35,0,0.0
2025-09-19 08:56:32,4.239,24.25,-0.14,0.06,0.95,0,0.0
2025-09-19 08:56:34,4.239,24.31,-0.18,0.0,0.93,0,0.0
2025-09-19 08:56:36,0.0,24.31,-0.15,0.06,0.94,0,0.0
2025-09-19 08:56:37,4.239,24.25,-0.15,0.06,0.94,1,0.031
2025-09-19 08:56:39,4.239,24.25,-0.15,0.05,0.96,0,0.0
2025-09-19 08:56:40,4.239,24.25,-0.11,0.0,1.0,0,0.0
2025-09-19 08:56:42,4.239,24.25,-0.14,0.03,0.97,0,0.0
2025-09-19 08:56:43,0.0,24.31,-0.15,0.03,0.93,0,0.0
2025-09-19 08:56:45,4.239,24.25,-0.14,0.05,0.95,1,0.034
2025-09-19 08:56:46,4.239,24.25,-0.15,0.05,0.95,0,0.0
2025-09-19 08:56:48,4.239,24.31,-0.15,0.05,0.95,0,0.0
2025-09-19 08:56:50,4.239,24.25,-0.15,0.05,0.95,1,0.068
2025-09-19 08:56:51,0.12,24.25,-0.15,0.05,0.95,0,0.0
2025-09-19 08:56:53,4.239,24.25,-0.14,0.06,0.96,1,0.128
2025-09-19 08:56:54,4.239,24.25,-0.14,0.05,0.95,0,0.0
2025-09-19 08:56:56,4.239,24.25,-0.15,0.05,0.97,0,0.0
2025-09-19 08:56:58,4.239,24.25,-0.14,0.04,0.97,0,0.0
2025-09-19 08:57:00,0.0,24.31,-0.17,0.08,0.94,0,0.0
2025-09-19 08:57:02,4.239,24.31,-0.15,0.06,0.95,1,0.028
2025-09-19 08:57:03,4.239,24.25,-0.16,0.05,0.96,0,0.0
2025-09-19 08:57:05,4.239,24.25,-0.15,0.05,0.95,1,0.1
2025-09-19 08:57:07,4.239,24.25,-0.08,0.03,0.96,0,0.0
2025-09-19 08:57:10,4.239,24.25,-0.14,0.07,0.91,1,0.079
2025-09-19 08:57:12,0.0,24.25,-0.14,0.06,0.96,0,0.0
2025-09-19 08:57:13,4.239,24.25,-0.14,0.05,0.95,1,0.136
2025-09-19 08:57:15,4.239,24.25,-0.16,0.05,0.95,0,0.0
2025-09-19 08:57:16,0.219,24.25,-0.19,0.1,0.93,0,0.0
2025-09-19 08:57:18,4.239,24.31,-0.15,0.05,0.95,0,0.0
2025-09-19 08:57:21,0.0,24.25,-0.14,0.07,0.93,0,0.0
2025-09-19 08:57:23,4.239,24.25,-0.14,0.06,0.95,0,0.0
2025-09-19 08:57:24,0.335,24.25,-0.12,0.03,0.99,0,0.0
2025-09-19 08:57:26,4.239,24.25,-0.15,0.05,0.95,0,0.0
2025-09-19 08:57:29,0.0,24.25,-0.15,0.07,0.96,0,0.0
2025-09-19 08:57:30,4.239,24.25,-0.1,0.04,0.88,1,0.014
2025-09-19 08:57:32,1.084,24.25,-0.15,0.07,0.95,0,0.0
2025-09-19 08:57:34,4.239,24.25,-0.14,0.07,0.94,1,0.101
2025-09-19 08:57:36,0.0,24.25,-0.14,0.06,0.95,0,0.0
2025-09-19 08:57:37,4.239,24.25,-0.14,0.07,0.95,1,0.137
2025-09-19 08:57:39,4.239,24.25,-0.17,0.03,0.97,0,0.0
2025-09-19 08:57:41,0.0,24.25,-0.17,0.04,0.98,0,0.0
2025-09-19 08:57:42,4.239,24.25,-0.14,0.05,0.95,1,0.066
2025-09-19 08:57:44,3.867,24.25,-0.14,0.06,0.96,0,0.0
2025-09-19 08:57:46,4.239,24.25,-0.15,0.05,0.95,1,0.09
2025-09-19 08:57:48,4.239,24.25,-0.15,0.05,0.95,0,0.0
2025-09-19 08:57:50,4.239,24.25,-0.15,0.06,0.96,1,0.1
2025-09-19 08:57:52,0.521,24.25,-0.15,0.06,0.95,0,0.0
2025-09-19 08:57:54,4.239,24.19,-0.15,0.06,0.95,1,0.098
2025-09-19 08:57:57,0.0,24.25,-0.14,0.04,0.98,0,0.0
2025-09-19 08:57:59,4.239,24.19,-0.03,0.12,0.82,0,0.0
2025-09-19 08:58:01,0.0,24.19,-0.15,0.06,0.96,0,0.0
2025-09-19 08:58:03,4.239,24.25,-0.15,0.0,0.97,0,0.0
2025-09-19 08:58:04,0.0,24.25,-0.11,0.11,0.93,0,0.0
2025-09-19 08:58:06,4.239,24.19,-0.15,0.07,0.95,1,0.022
2025-09-19 08:58:08,4.239,24.19,-0.14,0.06,0.95,0,0.0
2025-09-19 08:58:10,4.239,24.19,-0.15,0.05,0.94,0,0.0
2025-09-19 08:58:12,4.239,24.19,-0.15,0.08,0.95,0,0.0
2025-09-19 08:58:13,4.239,24.19,-0.1,0.03,0.94,0,0.0
2025-09-19 08:58:15,4.239,24.19,-0.16,0.04,0.95,0,0.0
2025-09-19 08:58:16,0.0,24.19,-0.13,0.05,0.95,0,0.0
2025-09-19 08:58:18,4.239,24.19,-0.11,0.06,0.95,1,0.021
2025-09-19 08:58:20,4.239,24.19,-0.14,0.08,0.95,0,0.0
2025-09-19 08:58:21,4.239,24.19,-0.15,0.06,0.95,1,0.136
2025-09-19 08:58:23,4.239,24.19,-0.14,0.05,0.96,0,0.0
2025-09-19 08:58:25,0.0,24.19,-0.2,0.09,1.09,1,0.098
2025-09-19 08:58:26,4.239,24.19,-0.16,0.06,0.95,0,0.0
2025-09-19 08:58:28,0.274,24.19,-0.15,0.05,0.95,0,0.0
2025-09-19 08:58:30,4.239,24.12,-0.15,0.08,0.93,1,0.066
2025-09-19 08:58:31,0.0,24.19,-0.14,0.06,0.94,0,0.0
2025-09-19 08:58:33,4.239,24.12,-0.14,0.05,0.95,1,0.137
2025-09-19 08:58:34,4.239,24.19,-0.19,0.03,1.16,0,0.0
2025-09-19 08:58:36,4.239,24.12,-0.15,0.05,0.95,0,0.0
2025-09-19 08:58:37,4.239,24.12,-0.14,0.04,0.95,0,0.0
2025-09-19 08:58:39,0.0,24.12,-0.15,0.06,0.95,0,0.0
2025-09-19 08:58:40,4.239,24.12,-0.15,0.06,0.95,1,0.034
2025-09-19 08:58:42,4.239,24.12,-0.16,0.06,0.95,0,0.0
2025-09-19 08:58:44,4.239,24.12,-0.15,0.06,0.95,1,0.098
2025-09-19 08:58:46,4.239,24.12,-0.14,0.06,0.94,0,0.0
2025-09-19 08:58:47,4.239,24.12,-0.1,-0.03,0.92,1,0.137
2025-09-19 08:58:49,4.239,24.12,-0.15,0.05,0.96,0,0.0
2025-09-19 08:58:50,4.239,24.12,-0.14,0.05,0.96,0,0.0
2025-09-19 08:58:52,4.239,24.06,-0.14,0.07,0.92,0,0.0
2025-09-19 08:58:54,0.0,24.06,-0.14,0.05,0.95,0,0.0
2025-09-19 08:58:56,4.239,24.06,-0.15,0.04,0.95,0,0.0
2025-09-19 08:58:58,0.0,24.06,-0.15,0.04,0.95,0,0.0
2025-09-19 08:59:00,4.239,24.06,-0.14,0.06,0.92,0,0.0
2025-09-19 08:59:01,0.0,24.06,-0.18,0.06,0.96,0,0.0
2025-09-19 08:59:03,4.239,24.06,-0.14,0.06,0.96,1,0.015
2025-09-19 08:59:04,0.0,24.06,-0.15,0.05,0.95,0,0.0
2025-09-19 08:59:07,4.239,24.06,-0.13,0.03,0.94,1,0.099
2025-09-19 08:59:08,0.0,24.06,-0.14,0.05,0.93,0,0.0
2025-09-19 08:59:10,4.239,24.06,-0.16,0.01,0.96,1,0.097
2025-09-19 08:59:12,0.0,24.06,-0.12,0.08,0.93,0,0.0
2025-09-19 08:59:14,4.239,24.06,-0.18,0.07,0.95,1,0.128
2025-09-19 08:59:16,0.0,24.06,-0.15,0.06,0.95,0,0.0
2025-09-19 08:59:18,4.239,24.06,-0.22,0.11,0.99,1,0.128
2025-09-19 08:59:19,0.133,24.0,-0.15,0.05,0.94,0,0.0
2025-09-19 08:59:21,0.0,24.06,-0.14,0.06,0.94,0,0.0
2025-09-19 08:59:23,0.0,24.0,-0.14,0.06,0.95,0,0.0
2025-09-19 08:59:24,0.0,24.0,-0.15,0.06,0.95,0,0.0
2025-09-19 08:59:26,0.0,24.0,-0.15,0.05,0.95,0,0.0
2025-09-19 08:59:27,0.0,24.06,-0.15,0.06,0.95,0,0.0
2025-09-19 08:59:29,0.0,24.0,-0.15,0.06,0.95,0,0.0
2025-09-19 08:59:30,0.0,24.0,-0.14,0.05,0.95,0,0.0
2025-09-19 08:59:32,0.0,24.0,-0.14,0.06,0.95,0,0.0
2025-09-19 08:59:33,0.0,24.0,-0.15,0.05,0.95,0,0.0
2025-09-19 08:59:35,0.0,24.0,-0.14,0.05,0.95,0,0.0
2025-09-19 08:59:37,0.0,24.0,-0.15,0.05,0.95,0,0.0
2025-09-19 08:59:39,0.0,24.06,-0.18,0.11,0.95,0,0.0
2025-09-19 08:59:41,4.239,24.0,-0.14,0.05,0.95,1,0.01
2025-09-19 08:59:43,4.239,24.0,-0.21,-0.03,0.98,0,0.0
2025-09-19 08:59:45,4.239,24.06,-0.14,0.06,0.95,0,0.0
2025-09-19 08:59:47,4.239,24.0,-0.15,0.05,0.94,0,0.0
2025-09-19 08:59:48,4.239,24.0,-0.15,0.06,0.94,0,0.0
2025-09-19 08:59:50,4.239,24.0,-0.15,0.06,0.95,0,0.0
2025-09-19 08:59:52,2.263,24.0,-0.14,0.05,0.95,0,0.0
2025-09-19 08:59:53,4.239,24.0,-0.17,0.09,0.93,1,0.021
2025-09-19 08:59:55,0.0,24.0,-0.14,0.05,0.95,0,0.0
2025-09-19 08:59:57,4.239,24.0,-0.14,0.05,0.95,1,0.128
2025-09-19 08:59:59,0.511,24.0,-0.12,0.04,0.96,0,0.0
2025-09-19 09:00:02,4.239,24.0,-0.16,0.04,0.92,0,0.0
2025-09-19 09:00:04,4.239,24.0,-0.15,0.06,0.95,1,0.042
2025-09-19 09:00:06,4.239,24.0,-0.15,0.06,0.95,0,0.0
2025-09-19 09:00:08,4.239,24.0,-0.15,0.06,0.95,0,0.0
2025-09-19 09:00:11,0.0,24.0,-0.15,0.05,0.95,0,0.0
2025-09-19 09:00:13,4.239,24.0,-0.22,0.0,1.09,0,0.0
2025-09-19 09:00:14,4.239,24.0,-0.14,0.05,0.95,0,0.0
2025-09-19 09:00:16,4.239,24.0,-0.05,0.16,0.89,0,0.0
2025-09-19 09:00:18,4.239,24.0,-0.14,0.06,0.95,0,0.0
2025-09-19 09:00:20,4.239,24.0,-0.14,0.05,0.95,0,0.0
2025-09-19 09:00:22,0.0,24.0,-0.15,0.05,0.95,0,0.0
2025-09-19 09:00:24,0.0,24.0,-0.14,0.05,0.95,0,0.0
2025-09-19 09:00:25,0.0,24.0,-0.15,0.05,0.96,0,0.0
2025-09-19 09:00:27,0.0,24.0,-0.15,0.05,0.94,0,0.0
2025-09-19 09:00:29,0.0,24.0,-0.15,0.05,0.95,0,0.0
2025-09-19 09:00:31,0.0,24.0,-0.15,0.05,0.94,0,0.0
2025-09-19 09:00:32,0.0,24.0,-0.14,0.05,0.95,0,0.0
2025-09-19 09:00:34,0.0,24.0,-0.15,0.06,0.95,0,0.0
2025-09-19 09:00:35,0.0,24.0,-0.15,0.05,0.95,0,0.0
2025-09-19 09:00:37,0.0,24.0,-0.15,0.05,0.95,0,0.0
2025-09-19 09:00:39,0.0,24.0,-0.14,0.06,0.95,0,0.0
2025-09-19 09:00:41,0.0,24.0,-0.15,0.06,0.94,0,0.0
2025-09-19 09:00:43,0.0,24.0,-0.15,0.06,0.94,0,0.0
2025-09-19 09:00:44,0.0,24.0,-0.15,0.06,0.95,0,0.0
2025-09-19 09:00:46,0.0,24.0,-0.14,0.05,0.94,0,0.0
2025-09-19 09:00:48,0.0,24.0,-0.14,0.05,0.94,0,0.0
2025-09-19 09:00:49,0.0,24.0,-0.15,0.05,0.95,0,0.0
2025-09-19 09:00:51,0.0,24.06,-0.15,0.05,0.95,0,0.0
2025-09-19 09:00:53,0.0,24.06,-0.14,0.06,0.95,0,0.0
2025-09-19 09:00:55,0.0,24.06,-0.15,0.06,0.95,0,0.0
2025-09-19 09:00:57,0.0,24.06,-0.15,0.05,0.95,0,0.0
2025-09-19 09:00:59,0.0,24.06,-0.14,0.05,0.95,0,0.0
2025-09-19 09:01:00,0.0,24.06,-0.14,0.06,0.95,0,0.0
2025-09-19 09:01:02,4.239,24.06,-0.12,0.11,0.93,0,0.0
2025-09-19 09:01:03,4.239,24.06,-0.14,0.07,0.95,0,0.0
2025-09-19 09:01:05,0.0,24.06,-0.15,0.02,1.04,0,0.0
2025-09-19 09:01:07,4.239,24.06,-0.14,0.05,0.95,0,0.0
2025-09-19 09:01:09,0.001,24.06,-0.09,-0.0,1.01,1,0.003
2025-09-19 09:01:12,0.0,24.06,-0.15,0.07,0.96,0,0.0
2025-09-19 09:01:15,4.239,24.06,-0.15,0.06,0.95,0,0.0
2025-09-19 09:01:17,4.239,24.06,-0.14,0.05,0.96,1,0.039
2025-09-19 09:01:19,4.239,24.06,-0.12,0.05,0.95,0,0.0
2025-09-19 09:01:21,4.239,24.06,-0.14,0.06,0.95,1,0.127
2025-09-19 09:01:23,4.239,24.06,-0.15,0.05,0.95,0,0.0
2025-09-19 09:01:24,4.239,24.06,-0.14,0.06,0.95,1,0.128
2025-09-19 09:01:29,4.239,24.06,-0.15,0.06,0.95,1,0.128
2025-09-19 09:01:31,0.0,24.0,-0.15,0.04,0.95,0,0.0
2025-09-19 09:01:33,4.239,24.0,-0.17,0.05,0.97,0,0.0
2025-09-19 09:01:34,0.0,24.06,-0.14,0.05,0.94,0,0.0
2025-09-19 09:01:36,4.239,24.0,-0.14,0.06,0.95,1,0.045
2025-09-19 09:01:37,4.239,24.0,-0.11,0.05,0.97,0,0.0
2025-09-19 09:01:39,4.239,24.0,-0.02,-0.11,1.11,1,0.137
2025-09-19 09:01:40,4.239,24.0,-0.15,0.04,0.95,0,0.0
2025-09-19 09:01:42,4.239,24.0,-0.14,0.07,0.95,0,0.0
2025-09-19 09:01:44,4.239,24.0,-0.14,0.05,0.95,1,0.064
2025-09-19 09:01:46,0.0,24.0,-0.15,0.05,0.95,0,0.0
2025-09-19 09:01:48,4.239,24.0,-0.17,0.06,0.95,0,0.0
2025-09-19 09:01:51,4.239,24.0,-0.16,0.06,0.94,1,0.043
2025-09-19 09:01:53,0.0,24.0,-0.15,0.05,0.95,0,0.0
2025-09-19 09:01:55,4.239,24.0,-0.15,0.05,0.95,1,0.101
2025-09-19 09:01:56,0.0,24.0,-0.15,0.06,0.95,0,0.0
2025-09-19 09:01:58,4.239,24.0,-0.14,0.06,0.94,1,0.128
2025-09-19 09:01:59,4.239,24.0,-0.14,0.06,1.01,0,0.0
2025-09-19 09:02:01,4.239,24.0,-0.14,0.06,0.96,0,0.0
2025-09-19 09:02:02,4.239,24.0,-0.14,0.05,0.96,0,0.0
2025-09-19 09:02:04,0.0,24.0,-0.14,0.03,0.92,0,0.0
2025-09-19 09:02:06,4.239,24.0,-0.15,0.05,0.95,1,0.034
2025-09-19 09:02:08,0.041,24.0,-0.17,0.16,0.98,0,0.0
2025-09-19 09:02:10,4.239,24.0,-0.14,0.05,0.95,0,0.0
2025-09-19 09:02:11,0.0,24.0,-0.18,0.06,0.95,0,0.0
2025-09-19 09:02:14,4.239,23.94,-0.15,0.08,0.95,0,0.0
2025-09-19 09:02:15,0.0,23.94,-0.14,0.05,0.94,0,0.0
2025-09-19 09:02:17,0.0,24.0,-0.14,0.06,0.96,0,0.0
2025-09-19 09:02:19,0.0,24.0,-0.15,0.05,0.95,0,0.0
2025-09-19 09:02:20,0.0,23.94,-0.15,0.05,0.96,0,0.0
2025-09-19 09:02:22,0.0,24.0,-0.14,0.05,0.96,0,0.0
2025-09-19 09:02:23,0.0,24.0,-0.15,0.05,0.94,0,0.0
2025-09-19 09:02:25,0.0,24.0,-0.14,0.06,0.95,0,0.0
2025-09-19 09:02:26,0.0,24.0,-0.15,0.06,0.95,0,0.0
2025-09-19 09:02:29,0.0,24.0,-0.15,0.06,0.95,0,0.0
2025-09-19 09:02:31,0.0,24.0,-0.14,0.05,0.95,0,0.0
2025-09-19 09:02:32,0.0,24.0,-0.14,0.05,0.95,0,0.0
2025-09-19 09:02:34,0.0,24.0,-0.15,0.05,0.95,0,0.0
2025-09-19 09:02:35,4.239,24.0,-0.13,0.06,0.93,1,0.008
2025-09-19 09:02:37,0.0,24.0,-0.15,0.06,0.94,0,0.0
2025-09-19 09:02:38,4.239,24.0,-0.14,0.06,0.94,1,0.137
2025-09-19 09:02:41,4.239,24.0,-0.15,0.05,0.95,0,0.0
2025-09-19 09:02:43,4.239,24.0,-0.17,0.05,0.97,0,0.0
2025-09-19 09:02:45,4.239,24.0,-0.15,0.06,0.95,0,0.0
2025-09-19 09:02:47,4.239,24.0,-0.16,0.06,0.95,0,0.0
2025-09-19 09:02:49,0.0,24.0,-0.15,0.06,0.95,0,0.0
2025-09-19 09:02:51,4.239,24.0,-0.16,0.07,0.94,0,0.0
2025-09-19 09:02:53,4.239,24.0,-0.16,0.11,0.94,1,0.017
2025-09-19 09:02:56,0.0,24.0,-0.15,0.05,0.94,0,0.0
2025-09-19 09:02:57,4.239,24.0,-0.19,0.07,0.97,1,0.128
2025-09-19 09:03:00,0.46,24.0,-0.18,0.03,0.92,0,0.0
2025-09-19 09:03:04,4.239,24.0,-0.14,0.05,0.95,0,0.0
2025-09-19 09:03:07,4.239,24.0,-0.15,0.05,0.95,0,0.0
2025-09-19 09:03:09,4.239,24.0,-0.14,0.05,0.94,0,0.0
2025-09-19 09:03:11,4.239,24.0,-0.14,-0.07,0.98,1,0.018
2025-09-19 09:03:13,4.239,24.0,-0.15,0.05,0.95,0,0.0
2025-09-19 09:03:18,4.239,24.0,-0.15,0.05,0.95,0,0.0
2025-09-19 09:03:20,4.239,24.0,-0.15,0.07,0.92,1,0.031
2025-09-19 09:03:22,0.0,24.0,-0.13,0.05,0.94,0,0.0
2025-09-19 09:03:23,4.239,24.0,-0.15,0.05,0.95,1,0.127
2025-09-19 09:03:25,0.0,24.0,-0.15,0.05,0.94,0,0.0
2025-09-19 09:03:31,4.239,23.94,-0.14,0.05,0.95,0,0.0
2025-09-19 09:03:33,0.0,24.0,-0.14,0.05,0.95,0,0.0
2025-09-19 09:03:35,4.239,23.94,-0.14,0.06,0.94,0,0.0
2025-09-19 09:03:37,0.0,24.0,-0.15,0.05,1.04,0,0.0
2025-09-19 09:03:39,4.239,23.94,-0.15,0.05,0.95,0,0.0
2025-09-19 09:03:41,4.239,23.94,-0.15,0.07,0.94,1,0.013
2025-09-19 09:03:47,4.239,23.94,-0.15,0.06,0.95,0,0.0
2025-09-19 09:03:49,4.239,23.94,-0.21,0.11,0.88,1,0.1
2025-09-19 09:03:50,4.239,23.94,-0.15,0.06,0.95,0,0.0
2025-09-19 09:03:53,4.239,23.94,-0.14,0.05,0.95,1,0.076
2025-09-19 09:03:55,1.605,23.94,-0.15,0.05,0.95,0,0.0
2025-09-19 09:03:56,4.239,23.94,-0.14,0.04,0.95,1,0.137
2025-09-19 09:03:58,4.239,24.0,-0.15,0.05,0.95,0,0.0
2025-09-19 09:04:00,4.239,24.0,-0.14,0.08,0.96,1,0.132
2025-09-19 09:04:01,4.239,24.0,-0.15,0.05,0.95,0,0.0
2025-09-19 09:04:04,4.239,24.0,-0.15,0.06,0.95,1,0.1
2025-09-19 09:04:06,4.239,24.0,-0.15,0.05,0.95,0,0.0
2025-09-19 09:04:08,4.239,24.0,-0.13,0.04,0.94,1,0.099
2025-09-19 09:04:09,4.239,24.0,-0.1,0.01,0.93,0,0.0
2025-09-19 09:04:11,4.239,24.0,-0.14,0.07,0.95,1,0.137
2025-09-19 09:04:12,4.239,24.0,-0.14,0.05,0.95,0,0.0
2025-09-19 09:04:15,4.239,24.0,-0.15,0.05,0.94,1,0.089
2025-09-19 09:04:17,4.239,24.0,-0.15,0.06,0.95,0,0.0
2025-09-19 09:04:19,4.239,24.0,-0.15,0.06,0.95,1,0.136
2025-09-19 09:04:20,4.239,24.0,-0.14,0.05,0.94,1,0.136
2025-09-19 09:04:22,4.239,24.0,-0.21,0.1,0.9,0,0.0
2025-09-19 09:04:24,4.239,24.0,-0.19,0.05,1.0,1,0.137
2025-09-19 09:04:26,4.239,23.94,-0.15,0.05,0.95,0,0.0
2025-09-19 09:04:28,4.239,23.94,-0.14,0.05,0.94,1,0.133
2025-09-19 09:04:30,0.0,24.0,-0.14,0.06,0.93,0,0.0
2025-09-19 09:04:32,4.239,23.94,-0.15,0.06,0.93,1,0.128
2025-09-19 09:04:34,0.0,24.0,-0.15,0.05,0.94,0,0.0
2025-09-19 09:04:35,4.239,24.0,-0.14,0.05,0.95,1,0.138
2025-09-19 09:04:37,4.239,24.0,-0.15,0.05,0.95,0,0.0
2025-09-19 09:04:39,4.239,24.0,-0.14,0.05,0.94,1,0.134
2025-09-19 09:04:40,4.239,24.0,-0.14,0.04,0.95,0,0.0
2025-09-19 09:04:42,4.239,24.0,-0.14,0.01,0.97,1,0.138
2025-09-19 09:04:43,4.239,24.0,-0.15,0.06,0.95,0,0.0
2025-09-19 09:04:45,0.0,24.0,-0.16,0.06,0.97,0,0.0
2025-09-19 09:04:47,4.239,24.0,-0.15,0.06,0.94,1,0.066
2025-09-19 09:04:49,0.0,24.0,-0.14,0.07,0.95,0,0.0
2025-09-19 09:04:50,4.239,24.0,-0.15,0.06,0.95,1,0.136
2025-09-19 09:04:52,0.0,24.0,-0.15,0.05,0.95,0,0.0
2025-09-19 09:04:54,4.239,24.0,-0.14,0.05,0.95,1,0.114
2025-09-19 09:04:58,4.239,24.0,-0.14,0.06,0.94,0,0.0
2025-09-19 09:05:00,0.0,24.0,-0.14,0.05,0.95,0,0.0
2025-09-19 09:05:02,4.239,24.0,-0.15,0.08,0.97,0,0.0
2025-09-19 09:05:04,4.239,24.0,-0.19,0.07,0.97,0,0.0
2025-09-19 09:05:06,4.239,24.0,-0.15,0.04,0.94,0,0.0
2025-09-19 09:05:07,4.239,24.0,-0.22,0.09,0.91,0,0.0
2025-09-19 09:05:12,4.239,24.0,-0.15,0.05,0.95,1,0.015
2025-09-19 09:05:18,4.239,24.0,-0.15,0.05,0.95,0,0.0
2025-09-19 09:05:19,4.239,24.0,-0.21,0.11,0.94,1,0.138
2025-09-19 09:05:21,4.239,24.0,-0.14,0.06,0.95,0,0.0
2025-09-19 09:05:23,4.239,24.0,-0.14,0.06,0.96,1,0.128
2025-09-19 09:05:24,4.239,24.0,-0.13,0.03,0.97,0,0.0
2025-09-19 09:05:26,4.239,24.0,-0.14,0.04,0.95,0,0.0
2025-09-19 09:05:28,4.239,24.0,-0.08,0.03,0.96,0,0.0
2025-09-19 09:05:30,0.063,24.0,-0.19,0.03,0.96,0,0.0
2025-09-19 09:05:32,4.239,24.0,-0.19,0.01,0.97,0,0.0
2025-09-19 09:05:34,4.239,24.0,-0.15,0.05,0.94,0,0.0
2025-09-19 09:05:35,4.239,24.0,-0.14,0.05,0.95,0,0.0
2025-09-19 09:05:37,0.0,24.0,-0.15,0.05,0.94,0,0.0
2025-09-19 09:05:39,4.239,24.0,-0.15,0.05,0.95,0,0.0
2025-09-19 09:05:41,0.0,24.0,-0.15,0.06,0.96,0,0.0
2025-09-19 09:05:43,4.239,24.0,-0.13,0.04,0.97,0,0.0
2025-09-19 09:05:45,4.239,24.0,-0.14,0.06,0.95,0,0.0
2025-09-19 09:05:46,4.239,24.0,-0.16,0.05,0.94,0,0.0
2025-09-19 09:05:48,0.0,24.06,-0.14,0.06,0.94,0,0.0
2025-09-19 09:05:50,4.239,24.0,-0.14,0.06,0.93,0,0.0
2025-09-19 09:05:51,0.0,24.0,-0.16,0.07,0.96,0,0.0
2025-09-19 09:05:53,4.239,24.0,-0.15,0.05,0.95,1,0.007
2025-09-19 09:05:55,4.239,24.06,-0.16,0.05,0.97,0,0.0
2025-09-19 09:05:56,4.239,24.06,-0.18,0.05,1.0,0,0.0
2025-09-19 09:05:58,4.239,24.06,-0.1,0.05,0.98,0,0.0
2025-09-19 09:06:00,4.239,24.06,-0.14,0.05,0.95,0,0.0
2025-09-19 09:06:02,4.239,24.06,-0.15,0.03,0.95,0,0.0
2025-09-19 09:06:04,4.239,24.0,-0.14,0.05,0.9,1,0.022
2025-09-19 09:06:06,2.851,24.0,-0.15,0.06,0.94,0,0.0
2025-09-19 09:06:08,4.239,24.06,-0.4,-0.5,1.12,1,0.091
2025-09-19 09:06:10,0.0,24.06,-0.15,0.05,0.93,0,0.0
2025-09-19 09:06:12,4.239,24.06,-0.11,0.07,0.95,1,0.128
2025-09-19 09:06:14,0.0,24.06,-0.15,0.05,0.94,0,0.0
2025-09-19 09:06:16,4.239,24.06,-0.11,0.02,0.98,1,0.1
2025-09-19 09:06:17,0.0,24.06,-0.16,0.06,0.94,0,0.0
2025-09-19 09:06:19,4.239,24.06,-0.14,0.06,0.94,1,0.099
2025-09-19 09:06:21,0.0,24.06,-0.14,0.08,0.84,0,0.0
2025-09-19 09:06:23,4.239,24.06,-0.15,0.05,0.95,1,0.128
2025-09-19 09:06:24,4.239,24.06,-0.15,0.03,0.95,0,0.0
2025-09-19 09:06:26,4.239,24.06,0.17,0.42,0.74,1,0.138
2025-09-19 09:06:28,4.239,24.06,-0.14,0.08,0.96,0,0.0
2025-09-19 09:06:30,4.239,24.06,-0.23,1.09,1.45,1,0.136
2025-09-19 09:06:31,4.239,24.06,-0.14,0.05,0.95,0,0.0
2025-09-19 09:06:33,0.0,24.06,-0.14,0.05,0.95,0,0.0
2025-09-19 09:06:35,4.239,24.06,-0.13,0.01,0.76,0,0.0
2025-09-19 09:06:37,4.239,24.06,-0.14,0.05,0.94,1,0.033
2025-09-19 09:06:40,0.0,24.06,-0.14,0.05,0.94,0,0.0
2025-09-19 09:06:42,4.239,24.06,-0.14,0.06,0.94,0,0.0
2025-09-19 09:06:44,0.971,24.06,-0.22,0.22,0.76,1,0.05
2025-09-19 09:06:46,4.239,24.06,-0.14,0.05,0.95,0,0.0
2025-09-19 09:06:48,0.0,24.06,0.14,-0.24,0.85,1,0.099
2025-09-19 09:06:50,4.239,24.06,-0.14,0.05,0.94,0,0.0
2025-09-19 09:06:52,4.239,24.06,-0.15,0.05,0.94,0,0.0
2025-09-19 09:06:53,4.239,24.06,-0.16,0.38,0.75,0,0.0
2025-09-19 09:06:55,0.0,24.06,-0.17,0.06,0.94,0,0.0
2025-09-19 09:07:00,4.239,24.06,-0.14,0.05,0.95,1,0.02
2025-09-19 09:07:02,4.216,24.06,-0.15,0.05,0.95,0,0.0
2025-09-19 09:07:04,4.239,24.12,-0.15,0.06,0.93,1,0.1
2025-09-19 09:07:05,4.239,24.12,-0.14,0.05,0.94,0,0.0
2025-09-19 09:07:07,4.239,24.06,-0.14,0.02,0.95,1,0.137
2025-09-19 09:07:08,4.239,24.06,-0.14,0.02,0.94,0,0.0
2025-09-19 09:07:10,0.769,24.12,-0.18,0.07,0.92,0,0.0
2025-09-19 09:07:12,4.239,24.06,-0.14,0.06,0.95,0,0.0
2025-09-19 09:07:14,0.444,24.06,-0.14,0.08,0.92,0,0.0
2025-09-19 09:07:15,0.0,24.12,-0.15,0.05,0.94,0,0.0
2025-09-19 09:07:17,0.0,24.06,-0.15,0.06,0.95,0,0.0
2025-09-19 09:07:19,0.0,24.06,-0.14,0.05,0.95,0,0.0
2025-09-19 09:07:20,0.0,24.12,-0.14,0.06,0.95,0,0.0
2025-09-19 09:07:22,0.0,24.06,-0.14,0.05,0.95,0,0.0
2025-09-19 09:07:24,0.0,24.12,-0.14,0.06,0.95,0,0.0
2025-09-19 09:07:25,0.0,24.12,-0.15,0.05,0.94,0,0.0
2025-09-19 09:07:27,0.0,24.12,-0.14,0.05,0.95,0,0.0
2025-09-19 09:07:28,0.0,24.06,-0.15,0.05,0.95,0,0.0
2025-09-19 09:07:30,0.0,24.12,-0.14,0.05,0.95,0,0.0
2025-09-19 09:07:32,0.0,24.12,-0.15,0.05,0.95,0,0.0
2025-09-19 09:07:33,0.0,24.12,-0.14,0.05,0.95,0,0.0
2025-09-19 09:07:35,0.0,24.12,-0.15,0.06,0.95,0,0.0
2025-09-19 09:07:36,4.239,24.12,-0.15,0.11,0.88,1,0.008
2025-09-19 09:07:38,0.0,24.12,-0.15,0.06,0.94,0,0.0
2025-09-19 09:07:40,4.239,24.19,-0.14,0.06,0.95,0,0.0
2025-09-19 09:07:42,4.239,24.19,-0.15,0.05,0.95,0,0.0
2025-09-19 09:07:45,4.239,24.19,-0.17,0.04,0.91,0,0.0
2025-09-19 09:07:48,4.239,24.12,-0.18,0.06,0.98,0,0.0
2025-09-19 09:07:50,4.239,24.12,-0.15,0.05,0.96,1,0.017
2025-09-19 09:07:53,4.239,24.19,-0.14,0.06,0.95,0,0.0
2025-09-19 09:07:55,4.239,24.12,-0.15,0.06,0.94,0,0.0
2025-09-19 09:07:58,1.564,24.12,-0.14,0.1,0.95,1,0.041
2025-09-19 09:07:59,4.239,24.12,-0.15,0.06,0.95,0,0.0
2025-09-19 09:08:01,0.0,24.12,-0.13,0.03,0.96,0,0.0
2025-09-19 09:08:03,4.239,24.12,-0.15,0.05,0.94,0,0.0
2025-09-19 09:08:06,4.239,24.12,-0.14,0.06,0.95,0,0.0
2025-09-19 09:08:09,0.0,24.19,-0.15,0.03,0.97,0,0.0
2025-09-19 09:08:11,4.239,24.19,-0.15,0.0,0.96,0,0.0
2025-09-19 09:08:12,4.239,24.19,-0.15,0.13,0.81,1,0.016
2025-09-19 09:08:14,4.239,24.19,-0.15,0.08,0.94,0,0.0
2025-09-19 09:08:15,0.0,24.12,-0.16,0.08,0.96,0,0.0
2025-09-19 09:08:17,4.239,24.19,-0.15,0.06,0.95,1,0.068
2025-09-19 09:08:18,0.023,24.19,-0.14,0.06,0.94,0,0.0
2025-09-19 09:08:20,4.239,24.19,-0.15,0.06,0.95,1,0.137
2025-09-19 09:08:21,4.239,24.19,-0.13,0.06,0.93,0,0.0
2025-09-19 09:08:23,4.239,24.19,-0.15,0.06,0.96,0,0.0
2025-09-19 09:08:25,4.239,24.12,-0.14,0.06,0.95,0,0.0
2025-09-19 09:08:26,0.0,24.19,-0.14,0.06,0.95,0,0.0
2025-09-19 09:08:28,4.239,24.19,-0.15,0.05,0.94,1,0.034
2025-09-19 09:08:29,4.239,24.19,-0.16,0.07,0.96,0,0.0
2025-09-19 09:08:31,4.239,24.19,-0.11,0.02,0.96,0,0.0
2025-09-19 09:08:32,4.239,24.19,-0.14,0.05,0.95,0,0.0
2025-09-19 09:08:34,0.0,24.19,-0.14,0.07,0.95,0,0.0
2025-09-19 09:08:35,0.0,24.19,-0.14,0.05,0.94,0,0.0
2025-09-19 09:08:37,0.0,24.19,-0.15,0.05,0.95,0,0.0
2025-09-19 09:08:38,0.0,24.19,-0.15,0.06,0.95,0,0.0
2025-09-19 09:08:40,0.0,24.19,-0.14,0.05,0.95,0,0.0
2025-09-19 09:08:42,0.0,24.19,-0.15,0.05,0.96,0,0.0
2025-09-19 09:08:43,0.0,24.19,-0.14,0.06,0.95,0,0.0
2025-09-19 09:08:45,0.0,24.19,-0.15,0.05,0.96,0,0.0
2025-09-19 09:08:46,0.0,24.19,-0.14,0.06,0.95,0,0.0
2025-09-19 09:08:48,0.0,24.25,-0.14,0.06,0.95,0,0.0
2025-09-19 09:08:49,0.0,24.19,-0.14,0.06,0.95,0,0.0
2025-09-19 09:08:51,0.0,24.25,-0.15,0.05,0.95,0,0.0
2025-09-19 09:08:52,0.0,24.25,-0.14,0.05,0.95,0,0.0
2025-09-19 09:08:54,0.0,24.25,-0.15,0.06,0.95,0,0.0
2025-09-19 09:08:56,0.0,24.25,-0.15,0.06,0.95,0,0.0
2025-09-19 09:08:58,0.0,24.25,-0.14,0.06,0.95,0,0.0
2025-09-19 09:09:00,0.0,24.25,-0.15,0.11,0.97,0,0.0
2025-09-19 09:09:01,4.239,24.25,-0.18,0.08,0.95,0,0.0
2025-09-19 09:09:03,0.0,24.25,-0.14,0.05,0.95,0,0.0
2025-09-19 09:09:04,4.239,24.25,-0.14,0.05,0.95,1,0.006
2025-09-19 09:09:06,4.239,24.25,-0.14,0.06,0.95,0,0.0
2025-09-19 09:09:08,4.239,24.25,-0.15,0.05,0.95,1,0.124
2025-09-19 09:09:10,4.239,24.25,-0.15,0.05,0.95,0,0.0
2025-09-19 09:09:11,4.239,24.25,-0.14,0.03,0.96,1,0.128
2025-09-19 09:09:13,4.239,24.25,-0.14,0.06,0.96,0,0.0
2025-09-19 09:09:15,4.239,24.25,-0.16,0.01,1.0,1,0.098
2025-09-19 09:09:17,0.0,24.25,-0.15,0.05,0.95,0,0.0
2025-09-19 09:09:24,4.239,24.25,-0.15,0.05,0.95,0,0.0
2025-09-19 09:09:25,0.0,24.25,-0.14,0.05,0.94,0,0.0
2025-09-19 09:09:27,4.239,24.25,-0.14,0.05,0.95,0,0.0
2025-09-19 09:09:29,0.0,24.25,-0.13,0.15,0.92,0,0.0
2025-09-19 09:09:34,4.239,24.25,-0.14,0.06,0.95,1,0.013
2025-09-19 09:09:35,4.239,24.25,-0.14,0.01,0.97,0,0.0
2025-09-19 09:09:38,4.239,24.25,-0.14,0.06,0.95,1,0.098
2025-09-19 09:09:39,4.239,24.25,-0.14,0.09,0.96,0,0.0
2025-09-19 09:09:41,4.239,24.25,-0.13,0.07,0.95,0,0.0
2025-09-19 09:09:43,4.239,24.25,-0.12,0.13,0.87,0,0.0
2025-09-19 09:09:44,4.239,24.25,-0.14,0.06,0.96,0,0.0
2025-09-19 09:09:46,4.239,24.25,-0.14,0.04,0.97,0,0.0
2025-09-19 09:09:47,0.0,24.19,-0.26,0.03,1.08,0,0.0
2025-09-19 09:09:49,4.239,24.25,-0.15,0.06,0.95,1,0.021
2025-09-19 09:09:51,0.021,24.25,-0.15,0.06,0.96,0,0.0
2025-09-19 09:09:53,4.239,24.25,-0.14,0.07,0.96,1,0.137
2025-09-19 09:09:54,2.287,24.25,-0.14,0.05,0.95,0,0.0
2025-09-19 09:09:56,4.239,24.25,-0.15,0.05,0.95,1,0.137
2025-09-19 09:09:58,4.239,24.25,-0.17,0.06,0.95,0,0.0
2025-09-19 09:09:59,4.239,24.25,-0.14,0.08,0.95,1,0.139
2025-09-19 09:10:01,4.239,24.25,-0.14,0.07,0.95,0,0.0
2025-09-19 09:10:03,4.239,24.25,-0.15,0.05,0.94,1,0.093
2025-09-19 09:10:05,4.239,24.25,-0.15,0.06,0.96,0,0.0
2025-09-19 09:10:06,3.459,24.25,-0.14,0.07,0.94,0,0.0
2025-09-19 09:10:08,4.239,24.25,-0.12,0.05,0.96,1,0.068
2025-09-19 09:10:09,0.0,24.25,-0.15,0.06,0.96,0,0.0
2025-09-19 09:10:11,4.239,24.25,-0.14,0.05,0.96,1,0.137
2025-09-19 09:10:12,4.239,24.25,-0.07,-0.11,1.02,0,0.0
2025-09-19 09:10:14,4.239,24.25,-0.13,0.11,0.89,0,0.0
2025-09-19 09:10:16,4.239,24.25,-0.14,0.04,0.95,0,0.0
2025-09-19 09:10:17,3.064,24.25,-0.14,0.05,0.95,0,0.0
2025-09-19 09:10:19,4.239,24.25,-0.15,0.04,0.97,0,0.0
2025-09-19 09:10:21,0.0,24.25,-0.13,0.06,0.95,0,0.0
2025-09-19 09:10:23,4.239,24.25,-0.15,0.06,0.94,0,0.0
2025-09-19 09:10:25,0.0,24.25,-0.12,0.05,0.95,0,0.0
2025-09-19 09:10:26,4.239,24.25,-0.22,0.23,0.93,1,0.015
2025-09-19 09:10:28,0.0,24.25,-0.14,0.06,0.95,0,0.0
2025-09-19 09:10:29,4.239,24.25,-0.15,0.06,0.95,1,0.137
2025-09-19 09:10:31,4.239,24.25,-0.14,0.08,0.95,0,0.0
2025-09-19 09:10:35,4.239,24.25,-0.15,0.06,0.95,0,0.0
2025-09-19 09:10:37,4.239,24.25,-0.15,0.05,0.95,1,0.036
2025-09-19 09:10:41,4.239,24.25,-0.16,0.04,0.95,0,0.0
2025-09-19 09:10:46,0.0,24.25,-0.14,0.06,0.95,0,0.0
2025-09-19 09:10:48,4.239,24.19,-0.13,0.03,0.96,1,0.032
2025-09-19 09:10:50,4.239,24.25,-0.15,0.05,0.95,0,0.0
2025-09-19 09:10:52,4.239,24.25,-0.15,0.04,0.95,1,0.097
2025-09-19 09:10:54,0.0,24.25,-0.15,0.05,0.95,0,0.0
2025-09-19 09:10:55,4.239,24.25,-0.15,0.05,0.95,1,0.137
2025-09-19 09:10:57,4.239,24.25,-0.17,0.1,1.05,0,0.0
2025-09-19 09:10:58,4.239,24.25,-0.15,-0.02,0.95,0,0.0
2025-09-19 09:11:00,4.239,24.25,-0.13,0.07,0.96,0,0.0
2025-09-19 09:11:01,0.0,24.25,-0.14,0.06,0.96,0,0.0
2025-09-19 09:11:04,4.239,24.25,0.03,-0.07,0.67,0,0.0
2025-09-19 09:11:05,0.0,24.25,-0.15,0.05,0.95,0,0.0
2025-09-19 09:11:07,4.239,24.25,-0.15,0.05,0.95,1,0.021
2025-09-19 09:11:09,4.239,24.25,-0.08,-0.0,0.98,0,0.0
2025-09-19 09:11:11,4.239,24.25,-0.12,0.04,0.94,0,0.0
2025-09-19 09:11:16,4.239,24.25,-0.15,0.03,0.97,0,0.0
2025-09-19 09:11:18,4.239,24.25,-0.15,0.05,0.95,1,0.023
2025-09-19 09:11:20,0.0,24.25,-0.14,0.05,0.95,0,0.0
2025-09-19 09:11:21,4.239,24.25,-0.15,0.05,0.95,1,0.137
2025-09-19 09:11:23,4.239,24.25,-0.16,0.09,0.96,0,0.0
2025-09-19 09:11:25,4.239,24.25,-0.14,0.06,0.94,1,0.098
2025-09-19 09:11:27,3.029,24.25,-0.14,0.05,0.95,0,0.0
2025-09-19 09:11:29,4.239,24.25,-0.15,0.06,0.95,1,0.121
2025-09-19 09:11:31,0.0,24.25,-0.13,0.05,0.95,0,0.0
2025-09-19 09:11:33,4.239,24.25,-0.03,-0.02,0.94,0,0.0
2025-09-19 09:11:35,0.0,24.25,-0.16,0.05,0.97,0,0.0
2025-09-19 09:11:37,4.239,24.25,-0.16,0.06,0.95,0,0.0
2025-09-19 09:11:40,4.239,24.25,-0.18,0.08,0.96,1,0.026
2025-09-19 09:11:41,4.239,24.25,-0.61,-0.06,1.45,0,0.0
2025-09-19 09:11:43,4.239,24.25,-0.14,0.05,0.94,0,0.0
2025-09-19 09:11:45,4.239,24.25,-0.14,0.05,0.95,0,0.0
2025-09-19 09:11:47,4.239,24.25,-0.14,0.06,0.95,1,0.037
2025-09-19 09:11:49,4.239,24.25,-0.14,0.06,0.95,0,0.0
2025-09-19 09:11:51,4.239,24.25,-0.12,-0.01,0.96,1,0.1
2025-09-19 09:11:54,0.0,24.25,-0.14,0.03,0.98,1,0.1
2025-09-19 09:11:56,4.239,24.25,-0.15,0.05,0.95,0,0.0
2025-09-19 09:11:57,1.309,24.25,-0.15,0.06,0.94,0,0.0
2025-09-19 09:11:59,4.239,24.25,-0.17,0.06,0.95,1,0.066
2025-09-19 09:12:00,0.0,24.25,-0.14,0.06,0.95,0,0.0
2025-09-19 09:12:02,4.239,24.25,-0.15,0.05,0.95,1,0.101
2025-09-19 09:12:04,0.0,24.25,-0.21,0.01,0.98,0,0.0
2025-09-19 09:12:06,4.239,24.25,-0.15,0.05,0.95,1,0.101
2025-09-19 09:12:09,0.0,24.25,-0.14,0.06,0.95,0,0.0
2025-09-19 09:12:12,2.155,24.31,-0.12,0.09,0.97,0,0.0
2025-09-19 09:12:14,4.239,24.31,-0.14,0.04,0.94,1,0.041
2025-09-19 09:12:15,0.0,24.31,-0.14,0.06,0.95,0,0.0
2025-09-19 09:12:17,4.239,24.25,-0.14,0.05,0.96,1,0.1
2025-09-19 09:12:19,0.0,24.25,-0.15,0.06,0.95,0,0.0
2025-09-19 09:12:24,0.0,24.25,-0.14,0.04,0.93,0,0.0
2025-09-19 09:12:25,4.239,24.25,-0.15,0.06,0.95,0,0.0
2025-09-19 09:12:27,0.0,24.31,-0.15,0.04,0.97,0,0.0
2025-09-19 09:12:29,4.239,24.25,-0.15,0.06,0.95,0,0.0
2025-09-19 09:12:33,3.367,24.25,-0.14,0.06,0.94,0,0.0
2025-09-19 09:12:35,4.239,24.25,-0.25,0.01,1.12,1,0.013
2025-09-19 09:12:37,4.239,24.25,-0.15,0.05,0.95,0,0.0
2025-09-19 09:12:38,4.239,24.31,-0.15,0.05,0.95,0,0.0
2025-09-19 09:12:40,4.239,24.31,-0.13,0.06,0.94,0,0.0
2025-09-19 09:12:42,4.239,24.31,-0.14,0.05,0.95,0,0.0
2025-09-19 09:12:43,4.239,24.31,-0.15,0.07,0.95,1,0.032
2025-09-19 09:12:46,0.0,24.31,-0.15,0.05,0.95,0,0.0
2025-09-19 09:12:48,0.0,24.31,-0.14,0.06,0.95,0,0.0
2025-09-19 09:12:49,0.0,24.31,-0.15,0.05,0.95,0,0.0
2025-09-19 09:12:51,0.0,24.31,-0.15,0.05,0.95,0,0.0
2025-09-19 09:12:53,0.0,24.31,-0.14,0.05,0.96,0,0.0
2025-09-19 09:12:55,0.0,24.31,-0.14,0.05,0.95,0,0.0
2025-09-19 09:12:57,0.0,24.31,-0.15,0.06,0.95,0,0.0
2025-09-19 09:12:58,0.0,24.31,-0.15,0.05,0.95,0,0.0
2025-09-19 09:13:01,0.0,24.38,-0.15,0.05,0.95,0,0.0
2025-09-19 09:13:02,0.0,24.38,-0.15,0.05,0.95,0,0.0
2025-09-19 09:13:04,0.0,24.38,-0.14,0.05,0.95,0,0.0
2025-09-19 09:13:06,0.0,24.38,-0.14,0.06,0.95,0,0.0
2025-09-19 09:13:07,0.0,24.38,-0.14,0.05,0.95,0,0.0
2025-09-19 09:13:09,0.0,24.31,-0.15,0.06,0.95,0,0.0
2025-09-19 09:13:11,0.0,24.31,-0.14,0.05,0.95,0,0.0
2025-09-19 09:13:13,4.239,24.38,-0.16,0.07,0.95,1,0.008
2025-09-19 09:13:15,0.0,24.38,-0.14,0.06,0.95,0,0.0
2025-09-19 09:13:17,4.239,24.38,-0.14,0.04,0.94,1,0.099
2025-09-19 09:13:18,0.0,24.38,-0.14,0.07,0.95,0,0.0
2025-09-19 09:13:20,4.239,24.38,-0.14,0.06,0.95,1,0.137
2025-09-19 09:13:22,4.239,24.38,-0.13,0.04,0.94,0,0.0
2025-09-19 09:13:24,4.239,24.38,-0.14,0.07,0.94,1,0.135
2025-09-19 09:13:26,4.239,24.38,-0.19,0.05,0.9,0,0.0
2025-09-19 09:13:27,4.239,24.38,-0.14,0.04,1.02,1,0.136
2025-09-19 09:13:29,4.239,24.38,-0.11,-0.05,1.01,0,0.0
2025-09-19 09:13:30,4.239,24.38,-0.14,0.05,0.95,0,0.0
2025-09-19 09:13:32,4.239,24.38,-0.15,0.05,0.96,0,0.0
2025-09-19 09:13:33,0.0,24.38,-0.16,0.05,0.98,0,0.0
2025-09-19 09:13:36,4.239,24.38,-0.14,0.05,0.95,0,0.0
2025-09-19 09:13:37,0.0,24.38,-0.14,0.06,0.94,0,0.0
2025-09-19 09:13:39,4.239,24.38,-0.14,0.05,0.95,0,0.0
2025-09-19 09:13:41,0.0,24.38,-0.15,0.06,0.95,0,0.0
2025-09-19 09:13:42,4.239,24.38,-0.15,0.05,0.95,1,0.016
2025-09-19 09:13:44,4.239,24.38,-0.15,0.08,0.97,0,0.0
2025-09-19 09:13:46,4.239,24.38,-0.14,0.05,0.95,1,0.1
2025-09-19 09:13:48,4.239,24.38,-0.14,0.06,0.94,0,0.0
2025-09-19 09:13:50,4.239,24.38,-0.15,0.05,0.95,1,0.138
2025-09-19 09:13:51,4.239,24.31,-0.14,0.06,0.96,0,0.0
2025-09-19 09:13:53,4.239,24.38,-0.14,0.06,0.95,0,0.0
2025-09-19 09:13:54,4.239,24.38,-0.13,0.04,0.95,0,0.0
2025-09-19 09:13:56,0.0,24.38,-0.14,0.06,0.96,0,0.0
2025-09-19 09:13:57,4.239,24.38,-0.15,0.05,0.95,1,0.034
2025-09-19 09:13:59,0.0,24.38,-0.14,0.05,0.95,0,0.0
2025-09-19 09:14:01,4.239,24.38,-0.15,0.06,0.95,1,0.1
2025-09-19 09:14:03,0.398,24.38,-0.15,0.05,0.95,0,0.0
2025-09-19 09:14:05,4.239,24.38,-0.14,0.04,0.96,1,0.098
2025-09-19 09:14:07,0.0,24.38,-0.15,0.06,0.95,0,0.0
2025-09-19 09:14:08,4.239,24.38,-0.14,0.05,0.96,1,0.128
2025-09-19 09:14:10,4.239,24.38,-0.13,0.04,0.92,0,0.0
2025-09-19 09:14:11,4.239,24.38,-0.11,0.01,1.0,1,0.137
2025-09-19 09:14:13,4.239,24.38,-0.22,0.18,0.97,0,0.0
2025-09-19 09:14:15,4.239,24.38,-0.15,0.06,0.95,1,0.1
2025-09-19 09:14:17,4.239,24.38,-0.15,0.05,0.95,0,0.0
2025-09-19 09:14:19,4.239,24.38,-0.18,0.11,1.05,1,0.137
2025-09-19 09:14:20,4.239,24.38,-0.12,0.06,0.93,0,0.0
2025-09-19 09:14:22,0.0,24.38,-0.16,0.07,0.97,0,0.0
2025-09-19 09:14:23,4.239,24.38,-0.14,0.05,0.95,1,0.068
2025-09-19 09:14:25,0.0,24.38,-0.15,0.01,0.95,0,0.0
2025-09-19 09:14:27,4.239,24.38,-0.15,0.07,0.94,1,0.128
2025-09-19 09:14:29,4.239,24.38,-0.14,0.06,0.95,0,0.0
2025-09-19 09:14:30,4.239,24.38,-0.14,0.03,0.95,1,0.133
2025-09-19 09:14:32,4.239,24.38,-0.15,0.08,0.96,0,0.0
2025-09-19 09:14:33,4.239,24.38,-0.14,0.07,0.93,0,0.0
2025-09-19 09:14:35,4.239,24.38,-0.14,0.05,0.95,0,0.0
2025-09-19 09:14:36,0.0,24.38,-0.16,0.04,0.97,0,0.0
2025-09-19 09:14:39,4.239,24.38,-0.15,0.06,0.95,0,0.0
2025-09-19 09:14:40,0.0,24.38,-0.15,0.05,0.95,0,0.0
2025-09-19 09:14:42,4.239,24.38,-0.15,0.05,0.95,1,0.021
2025-09-19 09:14:44,0.491,24.38,-0.14,0.05,0.94,0,0.0
2025-09-19 09:14:45,4.239,24.38,-0.14,0.05,0.94,1,0.134
2025-09-19 09:14:47,0.804,24.38,-0.13,0.04,0.93,0,0.0
2025-09-19 09:14:49,4.239,24.38,-0.16,0.07,0.97,0,0.0
2025-09-19 09:14:52,0.0,24.38,-0.15,0.05,0.95,0,0.0
2025-09-19 09:14:53,4.239,24.38,-0.15,0.07,0.94,0,0.0
2025-09-19 09:14:55,0.0,24.38,-0.17,0.06,0.98,0,0.0
2025-09-19 09:14:57,4.239,24.38,-0.15,0.05,0.94,0,0.0
2025-09-19 09:14:59,0.0,24.38,-0.16,0.05,0.98,0,0.0
2025-09-19 09:15:01,4.239,24.38,-0.09,0.09,0.89,0,0.0
2025-09-19 09:15:03,4.239,24.38,-0.15,0.06,0.95,0,0.0
2025-09-19 09:15:04,4.239,24.31,-0.15,0.06,0.94,0,0.0
2025-09-19 09:15:07,0.108,24.31,-0.15,0.07,0.94,0,0.0
2025-09-19 09:15:09,4.239,24.38,-0.16,0.05,0.77,0,0.0
2025-09-19 09:15:10,4.239,24.38,-0.08,0.14,0.88,0,0.0
2025-09-19 09:15:12,4.239,24.31,-0.12,0.06,1.01,0,0.0
2025-09-19 09:15:15,4.239,24.31,-0.15,0.05,0.95,1,0.008
2025-09-19 09:15:16,4.239,24.31,-0.14,0.05,0.94,0,0.0
2025-09-19 09:15:18,4.239,24.31,-0.14,0.05,0.95,1,0.098
2025-09-19 09:15:20,4.239,24.31,-0.15,0.09,0.94,0,0.0
2025-09-19 09:15:21,4.239,24.31,-0.14,0.04,0.95,0,0.0
2025-09-19 09:15:24,4.239,24.31,-0.12,0.05,0.94,0,0.0
2025-09-19 09:15:25,4.239,24.31,-0.12,0.1,0.94,1,0.038
2025-09-19 09:15:27,4.239,24.31,-0.15,0.05,0.91,0,0.0
2025-09-19 09:15:28,0.118,24.31,-0.15,0.09,1.05,0,0.0
2025-09-19 09:15:30,4.239,24.31,-0.14,0.06,0.95,1,0.068
2025-09-19 09:15:32,0.108,24.31,-0.15,0.06,0.94,0,0.0
2025-09-19 09:15:33,4.239,24.31,-0.14,0.06,0.95,1,0.137
2025-09-19 09:15:35,4.239,24.31,-0.16,0.02,0.95,0,0.0
2025-09-19 09:15:36,4.239,24.38,-0.13,0.08,0.93,0,0.0
2025-09-19 09:15:38,4.239,24.31,-0.16,0.06,0.95,0,0.0
2025-09-19 09:15:40,4.239,24.31,-0.15,0.06,0.95,1,0.036
2025-09-19 09:15:42,4.239,24.31,-0.15,0.05,0.94,0,0.0
2025-09-19 09:15:44,4.239,24.31,-0.15,0.08,0.95,0,0.0
2025-09-19 09:15:45,4.239,24.38,-0.13,0.09,0.95,0,0.0
2025-09-19 09:15:47,0.109,24.31,-0.14,0.05,0.94,0,0.0
2025-09-19 09:15:48,4.239,24.38,-0.14,0.05,0.95,1,0.034
2025-09-19 09:15:50,4.239,24.31,-0.15,0.04,0.95,0,0.0
2025-09-19 09:15:52,4.239,24.38,-0.15,0.05,0.95,1,0.1
2025-09-19 09:15:53,4.239,24.38,-0.14,0.08,0.94,0,0.0
2025-09-19 09:15:56,4.239,24.31,-0.15,0.06,0.95,1,0.096
2025-09-19 09:15:57,4.239,24.31,-0.14,0.06,0.94,0,0.0
2025-09-19 09:15:59,4.239,24.31,-0.15,0.04,0.93,1,0.099
2025-09-19 09:16:01,4.239,24.31,-0.15,0.05,0.93,0,0.0
2025-09-19 09:16:02,4.239,24.31,-0.14,0.05,0.95,0,0.0
2025-09-19 09:16:04,4.239,24.38,-0.15,0.05,0.94,0,0.0
2025-09-19 09:16:06,0.109,24.38,-0.15,0.05,0.95,0,0.0
2025-09-19 09:16:08,4.239,24.38,-0.15,0.06,0.95,0,0.0
2025-09-19 09:16:10,4.239,24.38,-0.15,0.05,0.96,0,0.0
2025-09-19 09:16:12,4.239,24.38,-0.15,0.05,0.95,0,0.0
2025-09-19 09:16:14,4.239,24.38,-0.11,0.1,0.92,0,0.0
2025-09-19 09:16:15,4.239,24.38,-0.15,0.06,0.95,0,0.0
2025-09-19 09:16:17,0.114,24.38,-0.15,0.05,0.97,0,0.0
2025-09-19 09:16:19,4.239,24.38,-0.14,0.05,0.95,0,0.0
2025-09-19 09:16:21,0.118,24.38,-0.14,0.07,0.95,0,0.0
2025-09-19 09:16:22,4.239,24.38,-0.14,0.14,0.98,1,0.01
2025-09-19 09:16:24,0.118,24.38,-0.15,0.08,0.96,0,0.0
2025-09-19 09:16:25,4.239,24.38,-0.14,0.06,0.96,1,0.137
2025-09-19 09:16:27,4.239,24.38,-0.14,0.05,0.95,0,0.0
2025-09-19 09:16:30,4.239,24.38,-0.15,0.05,0.95,1,0.1
2025-09-19 09:16:31,4.239,24.38,-0.15,0.02,0.97,0,0.0
2025-09-19 09:16:33,4.239,24.38,-0.15,0.05,0.96,0,0.0
2025-09-19 09:16:35,4.239,24.38,-0.14,0.05,0.92,0,0.0
2025-09-19 09:16:36,4.239,24.38,-0.15,0.06,0.94,0,0.0
2025-09-19 09:16:38,4.239,24.44,-0.14,0.05,0.94,0,0.0
2025-09-19 09:16:39,0.117,24.44,-0.13,0.05,0.95,0,0.0
2025-09-19 09:16:42,4.239,24.44,-0.15,0.05,0.94,1,0.02
2025-09-19 09:16:43,0.118,24.44,-0.12,-0.02,0.94,0,0.0
2025-09-19 09:16:45,4.239,24.38,-0.14,0.05,0.95,1,0.099
2025-09-19 09:16:47,3.124,24.38,-0.16,0.06,0.95,0,0.0
2025-09-19 09:16:49,4.239,24.38,-0.14,0.06,0.95,1,0.091
2025-09-19 09:16:51,4.239,24.38,-0.14,0.05,0.95,0,0.0
2025-09-19 09:16:56,0.118,24.44,-0.15,0.05,0.95,0,0.0
2025-09-19 09:16:58,4.239,24.44,-0.18,0.06,1.03,0,0.0
2025-09-19 09:16:59,0.115,24.44,-0.15,0.08,0.97,0,0.0
2025-09-19 09:17:01,4.239,24.38,-0.14,0.05,0.95,1,0.021
2025-09-19 09:17:02,4.092,24.44,-0.15,0.06,0.95,0,0.0
2025-09-19 09:17:04,4.239,24.38,-0.17,0.09,0.94,1,0.137
2025-09-19 09:17:05,4.239,24.44,-0.15,0.06,0.96,0,0.0
2025-09-19 09:17:07,0.118,24.38,-0.14,0.09,0.96,0,0.0
2025-09-19 09:17:09,4.239,24.38,-0.15,0.05,0.95,1,0.068
2025-09-19 09:17:10,4.239,24.44,-0.15,0.04,0.95,0,0.0
2025-09-19 09:17:12,4.239,24.44,-0.15,0.07,0.95,0,0.0
2025-09-19 09:17:14,4.239,24.44,-0.11,0.32,0.6,0,0.0
2025-09-19 09:17:15,4.239,24.44,-0.15,0.06,0.95,0,0.0
2025-09-19 09:17:17,4.239,24.44,-0.15,0.05,0.95,0,0.0
2025-09-19 09:17:19,0.118,24.44,-0.14,0.06,0.95,0,0.0
2025-09-19 09:17:21,4.239,24.44,-0.15,0.05,0.95,1,0.02
2025-09-19 09:17:22,4.231,24.44,-0.14,0.05,0.95,0,0.0
2025-09-19 09:17:24,4.239,24.44,-0.15,0.06,0.95,1,0.102
2025-09-19 09:17:26,4.239,24.44,-0.17,0.06,0.94,0,0.0
2025-09-19 09:17:27,4.239,24.44,-0.15,0.05,0.95,0,0.0
2025-09-19 09:17:29,4.239,24.44,-0.15,0.05,0.95,1,0.068
2025-09-19 09:17:30,0.045,24.44,-0.15,0.04,0.96,0,0.0
2025-09-19 09:17:32,4.239,24.44,-0.14,0.07,0.94,1,0.137
2025-09-19 09:17:34,4.239,24.44,-0.1,0.06,0.95,0,0.0
2025-09-19 09:17:36,4.239,24.44,-0.14,0.06,0.95,0,0.0
2025-09-19 09:17:37,4.239,24.44,-0.15,0.07,0.94,0,0.0
2025-09-19 09:17:39,0.117,24.44,-0.19,0.37,1.04,0,0.0
2025-09-19 09:17:40,4.239,24.44,-0.15,0.05,0.95,1,0.034
2025-09-19 09:17:42,4.239,24.44,-0.15,0.05,0.94,0,0.0
2025-09-19 09:17:44,4.239,24.44,-0.18,0.06,0.94,0,0.0
2025-09-19 09:17:45,4.239,24.44,-0.15,0.06,0.95,1,0.066
2025-09-19 09:17:47,4.093,24.44,-0.13,0.03,0.91,0,0.0
2025-09-19 09:17:49,4.239,24.44,-0.15,0.06,0.95,1,0.098
2025-09-19 09:17:51,4.239,24.44,-0.15,0.05,0.94,0,0.0
2025-09-19 09:17:53,4.239,24.44,-0.15,0.05,0.95,1,0.132
2025-09-19 09:17:54,4.239,24.44,-0.15,0.06,0.95,0,0.0
2025-09-19 09:17:56,0.116,24.44,-0.16,0.08,0.95,0,0.0
2025-09-19 09:17:58,4.239,24.44,-0.15,0.05,0.95,1,0.062
2025-09-19 09:18:00,3.355,24.44,-0.15,0.05,0.95,0,0.0
2025-09-19 09:18:02,4.239,24.44,-0.15,0.06,0.93,0,0.0
2025-09-19 09:18:04,0.111,24.44,-0.15,0.06,0.95,0,0.0
2025-09-19 09:18:05,4.239,24.44,-0.14,0.06,0.96,0,0.0
2025-09-19 09:18:07,4.239,24.44,-0.13,0.07,0.94,0,0.0
2025-09-19 09:18:09,0.095,24.44,-0.14,0.05,0.94,0,0.0
2025-09-19 09:18:11,4.239,24.44,-0.15,0.06,0.95,1,0.02
2025-09-19 09:18:12,4.239,24.44,-0.13,0.06,0.91,0,0.0
2025-09-19 09:18:15,4.239,24.44,-0.14,0.05,0.94,1,0.093
2025-09-19 09:18:19,4.239,24.44,-0.13,0.02,0.94,1,0.093
2025-09-19 09:18:20,4.239,24.44,-0.14,0.05,0.94,0,0.0
2025-09-19 09:18:22,0.116,24.44,-0.15,0.04,0.94,0,0.0
2025-09-19 09:18:23,4.239,24.44,-0.16,0.04,0.95,1,0.068
2025-09-19 09:18:25,4.239,24.38,-0.13,0.07,0.94,0,0.0
2025-09-19 09:18:27,0.114,24.44,-0.12,0.05,0.92,0,0.0
2025-09-19 09:18:28,4.239,24.44,-0.14,0.04,0.95,1,0.066
2025-09-19 09:18:30,4.239,24.44,-0.16,0.06,0.95,0,0.0
2025-09-19 09:18:33,4.239,24.44,-0.15,0.05,0.95,0,0.0
2025-09-19 09:18:34,4.239,24.44,-0.15,0.07,0.94,0,0.0
2025-09-19 09:18:36,0.118,24.44,-0.15,0.05,0.95,0,0.0
2025-09-19 09:18:37,4.239,24.44,-0.15,0.05,0.95,0,0.0
2025-09-19 09:18:39,4.239,24.44,-0.14,0.06,0.93,0,0.0
2025-09-19 09:18:41,0.67,24.44,-0.14,0.06,0.95,0,0.0
2025-09-19 09:18:43,4.239,24.44,-0.15,0.05,0.95,1,0.017
2025-09-19 09:18:45,4.239,24.44,-0.15,0.06,0.94,1,0.017
2025-09-19 09:18:47,4.239,24.44,-0.15,0.05,0.94,0,0.0
2025-09-19 09:18:48,4.239,24.44,-0.15,0.06,0.94,0,0.0
2025-09-19 09:18:50,4.239,24.44,-0.14,0.05,0.95,0,0.0
2025-09-19 09:18:51,4.239,24.44,-0.14,0.05,0.95,0,0.0
2025-09-19 09:18:53,4.239,24.44,-0.15,0.06,0.94,0,0.0
2025-09-19 09:18:54,4.239,24.44,-0.14,0.06,0.94,0,0.0
2025-09-19 09:18:57,4.239,24.44,-0.15,0.05,0.94,0,0.0
2025-09-19 09:18:58,4.239,24.44,-0.15,0.05,0.94,0,0.0
2025-09-19 09:19:00,4.239,24.44,-0.15,0.05,0.95,0,0.0
2025-09-19 09:19:01,4.239,24.44,-0.15,0.06,0.95,0,0.0
2025-09-19 09:19:03,4.239,24.44,-0.15,0.05,0.96,0,0.0
2025-09-19 09:19:04,4.239,24.44,-0.15,0.06,0.95,0,0.0
2025-09-19 09:19:06,4.239,24.44,-0.16,0.05,0.96,0,0.0
2025-09-19 09:19:08,4.239,24.44,-0.15,0.06,0.95,0,0.0
2025-09-19 09:19:09,4.239,24.44,-0.14,0.05,0.94,0,0.0
2025-09-19 09:19:11,4.239,24.44,-0.15,0.05,0.95,0,0.0
